PLAYER_ID,LEAGUE_ID,Team_ID,GP,GS,MIN,FGM,FGA,FG_PCT,FG3M,FG3A,FG3_PCT,FTM,FTA,FT_PCT,OREB,DREB,REB,AST,STL,BLK,TOV,PF,PTS
1630173,00,0,134,32,18.4,2.9,6.2,0.468,0.4,1.2,0.357,1.0,1.8,0.556,1.6,3.4,5.1,0.8,0.4,0.5,0.9,1.8,7.2
203500,00,0,664,599,26.8,3.8,6.6,0.587,0.0,0.0,0.071,1.6,2.9,0.547,3.6,4.4,8.0,1.5,0.9,0.9,1.4,2.5,9.3
1628389,00,0,343,239,28.2,5.1,9.2,0.558,0.0,0.1,0.14,3.2,4.3,0.741,2.2,6.2,8.3,3.5,1.0,0.9,2.1,2.4,13.5
1630583,00,0,32,0,11.2,1.7,4.1,0.402,0.2,1.5,0.125,0.6,1.0,0.625,1.0,1.7,2.7,0.7,0.2,0.3,0.5,1.1,4.1
200746,00,0,1076,997,33.7,7.7,15.7,0.493,0.2,0.7,0.32,3.4,4.2,0.813,2.6,5.5,8.1,1.9,0.7,1.1,1.5,2.4,19.1
1629638,00,0,158,35,19.4,3.4,8.9,0.387,1.4,4.4,0.329,1.0,1.3,0.726,0.4,2.3,2.6,2.2,0.7,0.3,1.4,1.6,9.3
1628960,00,0,192,101,21.9,3.2,7.4,0.433,1.8,4.7,0.393,1.2,1.4,0.841,0.3,2.2,2.6,1.5,0.6,0.2,0.8,1.4,9.4
1628386,00,0,341,276,26.6,4.5,7.2,0.626,0.1,0.3,0.189,2.5,3.6,0.699,2.8,5.9,8.7,1.4,0.5,1.4,1.3,2.0,11.6
1630631,00,0,54,1,15.4,2.4,5.4,0.446,0.6,2.0,0.291,0.7,1.0,0.679,0.5,1.4,1.9,2.8,1.3,0.1,0.7,1.4,6.1
203937,00,0,505,248,21.0,2.6,5.5,0.476,0.4,1.3,0.334,1.0,1.4,0.711,0.7,3.7,4.4,2.3,1.0,0.6,1.0,1.5,6.7
203507,00,0,656,591,32.6,7.9,14.8,0.535,0.7,2.4,0.288,5.3,7.4,0.718,1.7,7.7,9.4,4.6,1.2,1.3,2.9,3.0,21.8
203648,00,0,127,11,9.1,1.3,2.5,0.517,0.1,0.4,0.167,0.5,0.9,0.545,0.8,1.1,2.0,0.7,0.4,0.2,0.6,1.3,3.1
2546,00,0,1260,1120,34.5,8.0,18.0,0.447,1.4,3.9,0.355,5.0,6.2,0.814,1.6,4.6,6.2,2.7,1.0,0.5,2.4,2.8,22.5
1630175,00,0,112,99,29.8,5.1,13.1,0.393,1.7,5.0,0.337,2.9,3.4,0.846,0.6,4.5,5.1,5.0,0.7,0.3,2.5,2.4,14.9
1628384,00,0,301,227,26.8,4.0,8.4,0.47,1.5,4.0,0.372,1.0,1.5,0.709,1.0,3.1,4.1,1.4,1.1,0.5,1.1,2.3,10.4
1627853,00,0,217,36,17.2,1.6,3.7,0.432,0.8,2.1,0.374,0.6,0.8,0.807,0.2,1.7,2.0,2.1,0.5,0.0,0.6,1.6,4.6
201571,00,0,976,334,23.4,3.1,7.4,0.412,1.3,3.4,0.381,2.1,2.4,0.867,0.3,1.6,1.8,3.9,0.6,0.0,1.5,1.4,9.5
1630166,00,0,136,40,23.8,2.8,6.6,0.426,1.0,3.1,0.316,1.0,1.3,0.729,0.5,4.5,5.1,1.7,0.7,0.4,0.9,2.4,7.6
1629028,00,0,236,229,30.7,7.2,12.0,0.599,0.1,0.2,0.25,1.9,2.5,0.754,3.2,7.4,10.5,1.6,0.7,1.0,1.7,2.8,16.3
1628962,00,0,32,6,7.9,1.3,1.8,0.707,0.0,0.0,0.0,0.4,0.7,0.667,0.7,1.9,2.6,0.0,0.1,0.5,0.5,1.1,3.0
1628963,00,0,166,77,25.1,5.5,10.9,0.501,0.6,1.9,0.291,2.1,3.2,0.663,2.4,5.0,7.4,0.9,0.5,0.7,1.3,2.1,13.6
1630163,00,0,126,106,30.9,6.6,15.3,0.431,2.5,6.6,0.378,2.7,3.2,0.826,1.4,5.0,6.4,7.0,1.6,0.4,3.1,3.0,18.3
1628366,00,0,252,239,32.5,4.4,11.1,0.4,2.4,6.5,0.364,0.7,1.1,0.578,1.0,4.7,5.7,6.2,1.6,0.6,2.5,2.2,11.9
1628964,00,0,226,75,18.6,3.0,6.4,0.475,0.9,2.5,0.352,0.8,1.1,0.685,1.7,4.4,6.1,0.9,0.4,1.4,0.9,2.2,7.7
1630217,00,0,144,93,26.3,5.2,11.1,0.464,2.4,5.5,0.435,1.3,1.4,0.882,0.5,3.2,3.8,2.3,0.9,0.3,1.2,2.2,14.0
1630625,00,0,64,1,10.9,1.3,3.2,0.411,0.2,0.8,0.255,0.4,0.7,0.591,0.6,1.3,1.9,1.5,0.4,0.2,0.8,1.1,3.2
203084,00,0,747,686,31.8,5.1,11.2,0.453,1.3,3.5,0.379,2.6,3.3,0.804,1.0,4.1,5.1,1.8,0.7,0.2,1.2,1.6,14.1
1630567,00,0,74,74,35.4,6.2,12.6,0.492,0.8,2.6,0.301,2.1,2.9,0.735,2.6,4.9,7.5,3.5,1.1,0.7,1.8,2.6,15.3
1629628,00,0,198,197,33.5,6.3,15.1,0.418,1.6,4.6,0.357,3.3,4.7,0.697,0.9,4.6,5.6,2.9,0.8,0.3,2.1,2.3,17.5
203115,00,0,623,284,25.9,4.3,9.9,0.433,1.3,3.7,0.354,1.7,2.1,0.787,0.7,3.5,4.3,2.7,0.8,0.4,1.4,1.6,11.6
1629646,00,0,23,0,7.3,1.3,2.0,0.638,0.0,0.2,0.0,0.4,0.5,0.75,1.0,1.7,2.7,0.3,0.2,0.7,0.3,1.4,3.0
1628966,00,0,163,17,15.0,2.0,4.3,0.462,0.4,1.4,0.304,0.8,1.1,0.714,0.7,2.3,3.0,0.6,0.5,0.3,0.5,0.9,5.2
201587,00,0,915,806,30.6,4.0,9.0,0.437,1.6,4.4,0.363,1.6,1.9,0.837,1.0,4.1,5.1,3.5,1.0,0.6,1.7,1.7,11.1
203145,00,0,657,310,20.6,2.9,7.1,0.413,1.1,3.0,0.356,1.3,1.8,0.724,0.4,2.8,3.2,1.8,1.0,0.5,1.4,2.0,8.2
1629647,00,0,185,117,25.8,3.6,9.0,0.406,1.1,3.8,0.305,1.5,2.2,0.695,0.8,5.0,5.8,1.3,0.6,0.7,1.4,1.0,10.0
203078,00,0,645,611,34.8,8.0,17.6,0.456,2.2,6.0,0.372,3.8,4.6,0.821,0.9,3.2,4.1,4.2,1.1,0.4,2.4,2.2,22.1
1627736,00,0,336,87,20.9,3.8,8.8,0.43,2.0,5.2,0.386,0.8,0.9,0.816,0.4,2.1,2.5,1.2,0.6,0.1,0.7,1.2,10.4
202722,00,0,387,39,19.1,2.6,6.2,0.424,1.9,4.9,0.398,0.9,1.1,0.86,0.3,2.4,2.7,1.0,0.4,0.4,0.6,1.7,8.2
201976,00,0,526,438,27.4,3.1,7.5,0.414,1.6,4.2,0.378,1.1,1.4,0.756,1.1,3.1,4.3,3.5,1.1,0.5,1.3,3.1,8.8
1630180,00,0,152,135,30.4,4.8,12.0,0.399,2.5,7.0,0.361,2.2,2.6,0.833,1.0,4.0,5.0,2.2,0.8,0.2,1.0,1.6,14.3
203920,00,0,262,75,17.8,2.0,3.8,0.518,0.0,0.3,0.191,1.2,1.7,0.697,2.0,2.6,4.6,1.0,0.5,0.6,0.6,1.7,5.2
1629048,00,0,149,21,11.8,1.9,4.0,0.477,0.3,1.3,0.254,0.9,1.3,0.707,1.1,1.8,2.9,0.8,0.3,0.9,0.6,1.8,5.0
202687,00,0,738,310,19.9,2.0,3.7,0.53,0.0,0.0,0.0,1.2,2.1,0.564,2.0,4.1,6.1,0.6,0.3,1.3,0.9,2.2,5.2
202357,00,0,449,162,20.4,2.8,6.1,0.466,1.1,2.9,0.384,0.8,1.0,0.759,1.1,3.5,4.6,1.8,0.6,0.4,1.0,2.4,7.6
202339,00,0,756,568,27.8,4.9,10.8,0.452,1.1,3.4,0.336,2.8,3.6,0.784,0.8,3.1,3.9,4.7,1.4,0.5,2.5,2.0,13.7
1629833,00,0,48,1,8.8,0.8,2.7,0.298,0.5,1.7,0.288,0.1,0.2,0.545,0.4,0.8,1.1,0.5,0.3,0.0,0.5,0.8,2.2
203992,00,0,316,151,28.6,5.2,11.9,0.439,2.3,6.1,0.384,1.4,1.8,0.822,0.5,3.0,3.4,3.4,1.0,0.2,1.5,2.1,14.2
202711,00,0,603,486,29.1,5.2,11.4,0.457,2.0,5.2,0.392,2.6,3.0,0.861,0.5,3.1,3.6,1.6,0.6,0.1,1.6,1.6,15.0
1629626,00,0,53,2,6.2,1.0,2.1,0.478,0.3,0.7,0.378,0.4,0.6,0.667,0.2,1.0,1.2,0.3,0.1,0.3,0.5,0.5,2.7
1630195,00,0,35,2,6.9,0.5,1.5,0.315,0.1,0.5,0.278,0.3,0.4,0.846,0.5,0.8,1.2,0.6,0.2,0.0,0.4,0.7,1.4
1629067,00,0,143,57,13.1,1.1,2.5,0.432,0.3,0.9,0.3,0.6,0.8,0.759,0.7,1.5,2.2,0.8,0.5,0.3,0.6,1.7,3.1
1626164,00,0,477,452,33.7,8.2,18.0,0.457,2.1,5.7,0.357,5.0,5.8,0.87,0.5,3.4,3.9,4.7,0.8,0.3,3.1,3.0,23.5
1630527,00,0,51,0,14.9,2.5,6.4,0.385,0.7,2.2,0.306,1.2,1.4,0.819,0.3,1.8,2.2,1.0,0.5,0.3,0.6,0.8,6.7
1628449,00,0,231,23,17.9,3.2,6.5,0.483,0.9,2.7,0.335,1.8,2.2,0.785,1.8,3.5,5.3,0.5,0.5,1.2,0.5,2.1,9.0
1630547,00,0,31,0,9.8,1.6,4.5,0.348,0.5,1.6,0.347,0.9,1.0,0.871,0.7,1.0,1.7,0.8,0.2,0.0,0.5,0.9,4.6
202340,00,0,660,544,27.5,4.4,10.2,0.434,1.3,3.6,0.365,0.9,1.1,0.783,0.6,2.2,2.8,1.7,1.0,0.2,1.3,2.2,11.0
1628396,00,0,167,18,11.7,2.0,3.2,0.634,0.0,0.0,0.429,0.5,0.8,0.672,1.7,2.6,4.3,0.5,0.2,0.6,0.6,1.5,4.6
1629649,00,0,64,1,13.1,1.9,4.6,0.416,0.6,1.9,0.315,0.5,0.8,0.686,0.6,1.3,1.9,0.9,0.2,0.1,0.5,1.1,5.0
1628969,00,0,309,242,31.3,4.2,8.3,0.509,1.4,3.7,0.374,1.4,1.7,0.831,0.9,3.0,3.9,2.1,1.3,0.6,0.9,2.0,11.3
1628970,00,0,291,188,29.1,5.0,10.7,0.473,1.5,4.3,0.346,1.8,2.2,0.809,1.1,4.5,5.6,2.3,0.7,0.7,1.4,2.0,13.4
1629052,00,0,107,41,20.7,2.7,6.5,0.424,1.1,3.1,0.361,1.6,2.2,0.72,1.4,3.3,4.7,0.9,0.6,0.5,0.7,1.6,8.2
1627763,00,0,333,258,30.2,5.8,12.5,0.464,1.6,4.2,0.376,2.4,2.7,0.881,0.8,3.4,4.2,4.8,0.9,0.2,1.8,1.9,15.5
1629717,00,0,74,16,18.4,2.4,6.5,0.366,1.8,5.5,0.33,0.3,0.4,0.758,0.4,1.9,2.3,1.2,0.5,0.2,0.7,1.5,6.9
1628415,00,0,272,245,28.2,5.5,12.9,0.421,1.6,4.5,0.348,2.1,2.6,0.799,0.8,2.3,3.0,2.0,1.0,0.3,1.6,3.3,14.5
1628971,00,0,269,181,23.5,3.0,6.3,0.482,0.4,1.3,0.327,1.2,1.6,0.745,1.2,3.1,4.3,2.1,0.9,0.5,1.0,2.5,7.6
1627759,00,0,403,296,28.7,6.1,13.0,0.473,1.8,4.8,0.373,2.4,3.4,0.712,0.9,4.0,4.9,2.0,0.9,0.4,1.9,2.5,16.5
1629650,00,0,92,38,14.1,2.3,4.2,0.554,0.0,0.0,0.0,1.3,2.2,0.602,2.1,3.7,5.8,0.1,0.4,0.7,0.7,1.7,6.0
1628425,00,0,264,29,16.8,2.0,4.8,0.42,0.9,2.6,0.364,0.5,0.6,0.796,0.6,2.8,3.3,1.0,0.5,0.2,0.7,1.4,5.4
1630535,00,0,48,6,13.3,1.7,4.0,0.426,0.4,1.3,0.311,0.9,1.4,0.677,0.8,2.0,2.8,0.7,0.5,0.5,0.8,1.9,4.7
1629718,00,0,41,3,9.0,0.7,2.5,0.287,0.2,1.0,0.214,0.6,0.6,0.92,0.5,0.8,1.3,0.4,0.4,0.2,0.3,1.0,2.2
1630602,00,0,5,2,20.7,2.0,6.4,0.313,1.2,3.6,0.333,1.0,1.2,0.833,0.2,3.0,3.2,0.8,0.4,0.0,0.2,1.4,6.2
1628972,00,0,221,39,18.5,2.4,5.7,0.429,0.7,2.0,0.337,0.8,1.1,0.755,0.8,3.0,3.8,1.6,0.7,0.1,0.7,1.4,6.4
1628973,00,0,277,127,24.7,4.6,9.3,0.494,1.0,2.7,0.373,1.6,2.0,0.8,0.4,2.6,3.0,3.7,0.6,0.0,1.3,1.7,11.9
1628418,00,0,170,108,20.1,4.1,6.9,0.59,0.5,1.5,0.35,1.5,1.9,0.764,1.5,4.2,5.7,1.3,0.4,0.9,0.9,1.8,10.2
203493,00,0,434,239,22.5,2.8,6.6,0.427,1.6,4.2,0.385,0.6,0.7,0.842,0.3,2.2,2.5,1.2,0.6,0.1,0.6,1.4,7.8
203504,00,0,498,130,20.9,3.7,9.0,0.41,1.1,3.3,0.345,1.1,1.3,0.81,0.3,1.4,1.8,3.1,0.6,0.1,1.1,1.3,9.6
202692,00,0,625,135,23.0,3.6,8.5,0.418,1.1,2.8,0.38,2.4,3.0,0.799,0.6,2.9,3.5,2.0,0.7,0.2,1.2,1.9,10.6
1630215,00,0,42,1,8.6,1.5,3.6,0.404,0.7,2.1,0.318,0.3,0.4,0.688,0.1,1.0,1.1,1.5,0.4,0.2,0.8,1.1,3.8
202710,00,0,690,585,33.1,5.8,12.5,0.46,0.8,2.5,0.321,5.4,6.4,0.841,1.6,3.8,5.3,4.1,1.6,0.5,1.6,1.4,17.7
1629719,00,0,36,1,6.3,1.1,1.8,0.621,0.0,0.0,0.0,0.3,0.5,0.5,0.6,1.6,2.2,0.2,0.4,0.3,0.2,0.7,2.5
203484,00,0,683,541,29.2,4.1,9.8,0.421,1.7,4.7,0.36,1.6,2.0,0.813,0.6,2.5,3.1,1.7,1.1,0.2,1.0,1.8,11.6
1630267,00,0,130,23,20.1,1.7,4.7,0.372,1.0,3.1,0.328,1.1,1.3,0.828,0.3,1.6,1.9,3.5,1.1,0.3,1.1,2.0,5.6
1628427,00,0,70,2,7.2,0.9,1.8,0.484,0.2,0.7,0.333,0.3,0.4,0.742,0.3,1.0,1.3,0.5,0.2,0.1,0.4,0.6,2.3
1629962,00,0,13,0,16.8,2.0,5.5,0.361,1.6,4.1,0.396,0.8,1.1,0.786,0.1,0.8,0.8,0.8,0.8,0.3,0.5,1.4,6.5
203991,00,0,471,410,26.8,5.4,8.7,0.624,0.0,0.0,0.0,1.6,3.0,0.527,3.5,7.1,10.7,1.0,0.7,1.5,1.1,2.4,12.4
1630176,00,0,26,5,6.1,1.0,1.9,0.51,0.0,0.3,0.143,0.6,0.9,0.625,0.5,1.0,1.5,0.1,0.1,0.2,0.3,0.7,2.5
1628975,00,0,223,9,14.1,1.6,4.1,0.386,1.0,2.6,0.383,0.3,0.4,0.81,0.3,1.4,1.7,1.4,0.6,0.2,0.5,1.2,4.4
1628976,00,0,203,192,27.5,4.7,9.1,0.513,0.5,1.6,0.298,2.3,3.2,0.731,2.4,6.4,8.9,2.0,0.6,0.9,1.6,3.1,12.2
1627936,00,0,225,37,20.6,2.1,5.1,0.422,0.8,2.1,0.366,1.1,1.5,0.736,0.5,2.0,2.5,2.7,1.1,0.3,1.2,1.9,6.2
1630551,00,0,36,0,7.8,0.9,1.9,0.463,0.3,0.8,0.357,0.3,0.3,1.0,1.0,1.0,2.0,0.3,0.2,0.1,0.2,0.9,2.3
1629185,00,0,91,4,11.4,1.2,3.5,0.353,0.6,1.9,0.343,0.2,0.3,0.8,0.2,1.0,1.3,2.4,0.5,0.1,0.9,1.0,3.3
1627737,00,0,292,147,18.3,2.8,6.2,0.456,0.6,1.9,0.29,1.3,2.0,0.667,1.2,3.4,4.7,1.0,0.6,0.8,1.2,2.5,7.6
1630528,00,0,74,2,18.0,3.0,6.8,0.448,0.8,2.6,0.296,1.1,1.5,0.735,0.7,1.8,2.5,2.0,0.9,0.2,1.5,1.3,7.9
1629109,00,0,170,19,13.2,1.0,3.0,0.351,0.8,2.5,0.326,0.2,0.2,0.838,0.7,1.8,2.5,0.5,0.3,0.4,0.3,0.9,3.1
1629634,00,0,181,21,21.9,4.6,7.9,0.591,0.3,0.9,0.294,1.4,2.0,0.699,1.8,3.8,5.6,1.4,0.7,0.9,0.7,1.7,10.9
203903,00,0,600,142,27.0,5.8,13.3,0.439,1.8,5.3,0.338,1.9,2.3,0.827,0.8,2.5,3.3,2.5,0.9,0.1,1.7,1.7,15.4
1629651,00,0,94,20,18.7,3.1,4.9,0.646,0.0,0.1,0.167,1.0,1.9,0.539,1.6,3.4,5.0,0.9,0.5,1.1,0.7,2.0,7.3
1629599,00,0,131,32,16.2,2.1,4.8,0.448,1.0,2.5,0.38,1.0,1.3,0.807,0.3,1.7,2.0,1.2,0.4,0.1,0.5,1.0,6.2
1628381,00,0,293,242,29.0,6.5,11.6,0.559,0.9,2.5,0.376,2.6,3.3,0.779,2.5,5.9,8.3,1.6,0.6,1.0,1.5,3.1,16.5
1628380,00,0,182,16,17.5,2.3,5.0,0.452,0.5,1.6,0.327,1.0,1.3,0.743,1.2,3.0,4.2,1.1,0.3,0.7,1.1,2.3,6.0
201144,00,0,958,922,32.0,5.3,12.0,0.439,1.6,4.1,0.382,2.8,3.4,0.82,0.5,2.5,3.0,5.6,1.4,0.2,2.0,2.0,14.8
1626192,00,0,417,35,18.5,2.2,4.9,0.445,1.1,3.1,0.365,0.4,0.6,0.797,0.7,2.7,3.3,1.2,0.5,0.3,0.5,1.2,5.9
1629076,00,0,65,3,10.6,1.5,2.4,0.654,0.0,0.0,0.5,0.7,1.2,0.6,0.8,1.7,2.5,0.3,0.2,0.1,0.5,1.0,3.8
1630536,00,0,13,0,3.0,0.2,1.1,0.214,0.1,0.5,0.167,0.0,0.0,0.0,0.0,0.4,0.4,0.4,0.0,0.0,0.4,0.1,0.5
202326,00,0,654,561,29.8,7.0,15.2,0.46,0.7,2.0,0.331,5.0,6.7,0.737,2.6,7.6,10.2,3.0,1.3,1.1,3.3,3.7,19.6
203496,00,0,537,460,29.9,3.9,9.6,0.406,2.2,6.1,0.36,1.6,2.0,0.813,0.9,4.9,5.8,1.5,1.6,1.0,1.5,3.0,11.6
1628470,00,0,300,93,18.7,2.2,4.8,0.456,0.8,2.4,0.33,0.5,0.7,0.693,1.1,2.5,3.6,0.9,0.5,0.5,0.6,2.0,5.7
203109,00,0,735,406,25.3,3.3,7.9,0.417,1.6,4.5,0.346,1.4,1.9,0.777,0.7,3.6,4.3,1.6,1.0,0.3,0.9,2.1,9.6
1629633,00,0,134,42,17.5,2.6,6.5,0.401,0.7,2.4,0.283,0.7,1.5,0.497,0.9,1.8,2.7,1.2,0.7,0.4,1.0,1.7,6.6
1630595,00,0,64,64,32.6,6.7,16.1,0.416,1.8,5.7,0.314,2.2,2.6,0.845,0.9,4.6,5.5,5.6,1.2,0.7,3.7,3.1,17.4
203552,00,0,377,199,25.2,4.1,8.7,0.477,1.9,4.4,0.439,1.1,1.3,0.854,0.3,1.9,2.2,2.2,0.7,0.1,1.1,1.7,11.3
201939,00,0,826,820,34.3,8.3,17.6,0.473,3.8,8.8,0.428,3.9,4.3,0.908,0.7,4.0,4.6,6.5,1.7,0.2,3.1,2.4,24.3
203076,00,0,604,599,34.4,8.9,17.3,0.515,0.5,1.6,0.303,5.5,7.0,0.794,2.5,7.7,10.2,2.3,1.4,2.3,2.0,2.3,23.8
202334,00,0,722,106,19.1,2.5,4.3,0.567,0.0,0.0,0.0,1.0,1.8,0.583,2.2,4.2,6.4,0.7,0.5,0.8,0.7,2.4,5.9
1629056,00,0,163,19,17.3,3.1,7.1,0.437,1.5,4.0,0.366,0.8,1.0,0.835,0.5,2.5,3.0,1.5,0.7,0.2,1.1,1.8,8.5
201942,00,0,957,945,34.3,7.5,16.0,0.465,0.4,1.5,0.288,5.4,6.5,0.837,0.7,3.7,4.4,3.9,1.0,0.3,2.1,2.3,20.8
203473,00,0,477,209,17.8,2.5,4.8,0.527,0.4,1.1,0.338,1.0,1.3,0.735,1.6,4.4,5.9,0.7,0.5,0.8,1.0,2.5,6.4
1628978,00,0,201,91,23.6,3.2,7.8,0.415,1.5,4.4,0.347,1.0,1.3,0.766,1.0,3.6,4.6,2.5,1.1,0.2,1.4,1.7,9.0
1628977,00,0,207,44,18.9,3.3,7.0,0.475,0.3,1.2,0.277,1.4,2.2,0.634,1.0,2.9,3.9,1.1,0.8,0.3,1.0,2.2,8.4
203476,00,0,597,208,20.6,2.8,5.7,0.5,0.3,0.8,0.367,1.5,1.9,0.791,1.7,4.0,5.7,1.3,0.8,0.9,1.1,2.1,7.5
203915,00,0,387,184,26.4,4.2,10.2,0.411,1.4,4.4,0.322,3.2,4.0,0.791,0.5,2.6,3.0,5.0,0.7,0.3,1.7,2.3,13.0
1629029,00,0,264,264,33.8,9.0,19.7,0.457,2.8,8.2,0.337,5.6,7.6,0.737,1.0,7.5,8.5,8.0,1.1,0.4,4.1,2.2,26.4
1629652,00,0,139,131,29.0,4.5,11.4,0.395,2.0,5.9,0.333,2.3,2.9,0.797,0.7,2.7,3.5,1.5,0.9,0.3,1.4,2.7,13.3
1630245,00,0,77,40,27.4,3.6,6.9,0.52,0.9,2.4,0.376,0.7,1.0,0.679,0.4,2.4,2.8,3.3,0.8,0.4,1.4,2.4,8.8
201609,00,0,888,530,27.9,5.0,10.9,0.46,1.2,3.4,0.362,2.5,3.2,0.767,0.7,2.4,3.1,4.8,1.0,0.2,2.3,2.3,13.7
203083,00,0,718,630,29.6,5.8,10.8,0.54,0.0,0.2,0.132,2.1,4.5,0.473,4.5,8.7,13.3,1.4,1.4,1.5,2.0,3.1,13.8
1630537,00,0,55,39,28.0,4.9,11.3,0.432,1.7,4.6,0.369,1.6,2.0,0.804,0.7,3.4,4.1,2.1,1.0,0.2,1.6,1.7,13.1
1630561,00,0,22,7,15.5,1.8,4.9,0.361,0.4,1.7,0.243,0.8,1.0,0.81,1.4,1.7,3.0,0.8,0.6,0.3,0.4,1.6,4.7
201142,00,0,939,936,36.8,9.3,18.7,0.496,1.9,4.9,0.384,6.7,7.6,0.884,0.7,6.4,7.1,4.3,1.1,1.1,3.2,1.9,27.2
1630162,00,0,144,127,33.2,7.3,17.1,0.429,2.7,7.8,0.344,3.0,3.8,0.781,0.8,3.9,4.7,3.4,1.3,0.6,2.4,2.0,20.3
1629035,00,0,72,1,9.8,1.4,3.7,0.364,0.6,2.2,0.297,0.3,0.5,0.758,0.2,0.9,1.1,0.7,0.3,0.1,0.4,0.9,3.7
1630556,00,0,48,23,20.6,2.3,5.6,0.412,1.0,2.8,0.353,0.3,0.4,0.842,0.9,2.7,3.6,0.6,0.6,0.5,0.9,1.8,5.9
1629604,00,0,88,28,15.5,1.7,4.3,0.39,0.5,1.8,0.275,0.8,1.1,0.717,0.9,2.1,2.9,1.1,0.5,0.3,0.7,1.6,4.6
201961,00,0,770,206,20.9,2.9,7.1,0.41,1.6,4.1,0.382,0.7,0.8,0.843,0.3,1.8,2.1,1.1,0.5,0.1,0.7,1.1,8.0
203954,00,0,328,328,31.2,8.5,17.4,0.49,1.2,3.5,0.338,7.8,9.6,0.81,2.3,9.0,11.4,3.3,0.9,1.7,3.4,3.1,26.0
202324,00,0,790,503,24.3,4.3,8.1,0.534,0.0,0.2,0.198,1.9,2.8,0.663,2.4,4.7,7.1,1.1,0.7,1.2,1.3,2.5,10.6
1628981,00,0,119,13,9.2,1.3,2.5,0.527,0.1,0.3,0.146,0.5,0.8,0.608,0.8,1.9,2.8,0.6,0.2,0.3,0.6,1.3,3.2
1627827,00,0,394,282,27.3,3.0,6.8,0.446,1.4,3.9,0.361,0.7,1.0,0.718,1.5,3.1,4.5,1.4,0.8,0.4,0.9,2.2,8.2
1630238,00,0,18,0,4.1,0.5,1.2,0.409,0.3,0.7,0.5,0.0,0.0,0.0,0.1,1.0,1.1,0.3,0.0,0.0,0.1,0.4,1.3
1630201,00,0,91,19,16.1,2.2,5.7,0.38,0.9,2.8,0.326,0.7,0.9,0.75,0.2,1.7,2.0,2.3,0.6,0.1,0.6,1.2,6.0
1627854,00,0,406,167,20.5,3.3,7.5,0.438,1.7,4.2,0.413,0.8,1.0,0.82,0.2,1.6,1.7,1.2,0.4,0.0,0.7,1.4,9.1
1630235,00,0,90,6,11.9,1.2,2.5,0.478,0.1,0.6,0.189,0.6,0.7,0.851,0.4,1.2,1.6,1.7,0.4,0.1,0.8,0.7,3.1
203095,00,0,645,497,28.6,5.1,11.5,0.445,2.0,5.3,0.381,2.0,2.5,0.798,0.4,2.3,2.7,2.6,0.9,0.2,1.6,2.4,14.3
1628368,00,0,322,308,32.1,7.0,15.3,0.462,1.1,3.5,0.32,3.9,5.3,0.725,0.5,3.0,3.5,6.2,1.3,0.4,2.8,2.7,19.1
1628982,00,0,32,0,9.1,1.1,3.2,0.34,0.3,1.3,0.209,0.3,0.5,0.533,0.3,0.6,0.9,0.2,0.3,0.1,0.3,0.8,2.7
1628365,00,0,131,86,24.8,4.5,10.1,0.45,0.4,1.4,0.262,1.4,2.0,0.708,0.7,2.6,3.2,4.8,1.1,0.2,1.9,2.0,10.9
1629117,00,0,77,6,10.8,1.3,2.8,0.454,0.4,1.0,0.338,0.7,1.1,0.63,1.0,1.6,2.6,0.4,0.3,0.3,0.6,1.8,3.6
1629655,00,0,169,71,16.8,3.2,4.6,0.692,0.0,0.0,0.0,1.2,1.9,0.657,1.8,2.6,4.4,0.7,0.4,1.4,0.8,2.2,7.6
201568,00,0,728,563,29.9,4.7,11.1,0.428,2.0,5.1,0.382,4.1,4.7,0.877,0.7,4.1,4.8,1.9,0.7,0.4,1.2,1.8,15.6
1629636,00,0,181,177,33.4,6.5,14.8,0.443,2.1,5.6,0.378,2.2,2.5,0.876,0.5,2.1,2.6,6.3,1.1,0.1,3.1,1.8,17.4
1630586,00,0,24,2,10.0,0.8,1.8,0.432,0.2,0.8,0.25,0.2,0.3,0.714,0.9,2.6,3.5,0.7,0.4,0.5,0.3,1.2,2.0
1630568,00,0,32,5,12.2,2.1,4.6,0.449,0.5,1.5,0.327,1.2,1.9,0.623,1.8,1.3,3.1,0.6,0.3,0.2,0.6,1.7,5.8
200752,00,0,1064,779,31.7,6.2,13.6,0.453,1.1,3.1,0.349,2.9,3.6,0.799,1.3,4.4,5.8,2.1,1.1,0.7,2.1,2.3,16.3
202331,00,0,737,689,33.6,6.9,15.9,0.435,2.5,6.6,0.382,4.0,4.7,0.848,0.9,5.6,6.4,3.6,1.7,0.4,2.7,2.7,20.4
201959,00,0,896,447,24.5,3.7,7.2,0.518,0.0,0.2,0.257,1.5,2.1,0.713,2.3,3.8,6.1,1.0,0.6,1.0,1.1,2.5,9.0
1630581,00,0,54,54,31.5,5.2,12.4,0.419,1.0,3.9,0.263,1.0,1.5,0.709,1.8,6.0,7.8,6.4,0.9,0.4,3.2,1.6,12.5
1628983,00,0,243,234,31.8,6.5,13.8,0.473,1.2,3.5,0.348,3.9,4.9,0.807,0.7,3.8,4.5,4.3,1.1,0.7,2.2,2.1,18.2
1630264,00,0,70,4,9.7,1.3,2.4,0.544,0.3,0.7,0.42,0.8,1.0,0.809,0.7,1.2,1.9,0.5,0.2,0.2,0.4,1.2,3.7
203497,00,0,611,519,30.0,4.6,7.0,0.653,0.0,0.0,0.0,3.3,5.1,0.638,3.3,8.3,11.7,1.3,0.7,2.2,1.6,2.6,12.4
1629164,00,0,133,11,12.1,1.7,4.4,0.39,0.6,1.9,0.315,0.7,0.9,0.73,0.3,1.3,1.6,1.9,0.4,0.0,0.8,1.0,4.7
203932,00,0,528,439,28.9,4.9,10.7,0.46,1.1,3.4,0.323,2.1,2.9,0.702,1.6,4.7,6.3,2.5,0.7,0.6,1.5,2.0,13.0
201569,00,0,749,570,32.4,5.6,13.0,0.428,2.3,6.3,0.371,2.9,3.6,0.81,0.4,2.0,2.4,2.8,0.9,0.3,2.0,1.9,16.4
1628984,00,0,240,163,27.9,4.1,11.1,0.372,2.6,7.3,0.357,2.0,2.4,0.827,0.5,2.0,2.5,5.0,0.9,0.1,1.7,1.4,12.8
203924,00,0,555,270,26.0,3.9,8.7,0.452,1.0,3.0,0.349,2.5,3.5,0.723,0.9,3.1,3.9,1.3,0.6,1.1,1.1,2.3,11.4
201980,00,0,819,709,25.3,3.1,7.3,0.421,1.9,4.8,0.399,0.7,0.8,0.804,0.6,2.8,3.4,1.6,1.0,0.8,1.0,1.8,8.7
203110,00,0,685,535,28.5,3.2,7.2,0.441,0.8,2.6,0.315,1.5,2.1,0.712,1.1,5.8,6.9,5.4,1.4,1.0,2.2,2.8,8.7
203210,00,0,487,165,20.8,3.0,6.3,0.472,0.8,2.2,0.366,1.2,1.5,0.785,1.7,4.0,5.7,0.9,0.6,0.4,1.1,2.6,7.9
1630224,00,0,67,67,31.9,6.1,14.2,0.426,2.3,6.8,0.343,2.8,3.5,0.797,0.5,2.9,3.4,2.6,0.7,0.3,2.0,1.5,17.3
1629750,00,0,154,49,16.0,1.9,3.6,0.528,0.4,1.1,0.335,0.9,1.2,0.775,0.9,1.9,2.9,0.7,0.8,0.3,0.5,1.4,5.0
201145,00,0,1051,647,29.0,4.6,10.2,0.448,1.0,3.1,0.339,2.5,3.0,0.806,0.9,3.4,4.3,1.5,0.7,0.5,1.4,2.2,12.6
1630182,00,0,106,8,14.0,1.6,3.3,0.493,0.3,1.0,0.311,0.4,0.6,0.647,0.8,1.5,2.3,1.0,0.6,0.2,0.6,1.4,4.0
201933,00,0,724,676,32.9,7.4,15.0,0.493,0.7,2.2,0.327,4.3,6.2,0.696,2.0,6.2,8.2,4.1,0.8,0.5,2.4,2.7,19.8
1629656,00,0,46,6,17.1,2.1,5.1,0.404,1.6,4.1,0.381,0.3,0.4,0.684,0.5,1.5,2.0,1.0,0.7,0.2,0.6,1.6,6.0
1629060,00,0,147,118,28.5,5.1,10.7,0.477,0.9,2.4,0.36,1.9,2.5,0.779,1.0,4.2,5.2,1.5,0.7,0.2,1.0,1.9,13.0
1630169,00,0,135,97,32.9,5.3,11.3,0.473,2.1,5.1,0.412,1.5,1.8,0.846,0.7,2.8,3.6,6.9,1.6,0.6,2.2,1.5,14.3
1630181,00,0,115,15,19.9,2.7,6.7,0.404,0.8,2.3,0.337,1.1,1.7,0.653,0.5,2.8,3.2,2.1,0.5,0.2,1.2,1.4,7.3
203501,00,0,586,288,27.0,4.9,11.5,0.422,2.1,6.0,0.357,2.0,2.5,0.812,0.3,2.5,2.8,1.9,0.6,0.1,1.1,1.7,13.9
201935,00,0,942,728,34.6,7.3,16.6,0.442,2.8,7.6,0.361,7.5,8.7,0.86,0.8,4.8,5.6,6.8,1.5,0.5,3.8,2.6,24.9
203090,00,0,621,372,22.6,2.7,5.7,0.474,0.6,1.9,0.32,0.8,1.3,0.624,1.1,2.5,3.5,0.9,0.9,0.6,0.8,2.0,6.9
1629607,00,0,16,0,4.2,0.9,2.1,0.441,0.3,0.9,0.333,0.4,0.5,0.875,0.1,0.1,0.3,0.9,0.3,0.1,0.3,0.4,2.6
1626149,00,0,458,29,21.5,5.2,8.4,0.62,0.0,0.2,0.117,2.5,3.7,0.662,1.9,3.4,5.3,1.4,0.6,0.8,1.1,2.1,12.9
203914,00,0,468,374,28.8,4.4,9.8,0.448,1.5,4.2,0.363,1.5,1.9,0.812,0.6,1.9,2.5,2.1,1.2,0.2,1.2,1.8,11.8
203925,00,0,414,250,25.6,4.0,8.4,0.483,2.1,4.8,0.439,0.9,1.1,0.78,0.6,2.7,3.2,1.6,0.5,0.2,1.2,2.1,11.1
202699,00,0,753,633,31.4,6.2,13.1,0.476,1.3,3.6,0.367,2.5,3.0,0.828,1.0,5.2,6.2,2.3,0.7,0.5,1.4,2.0,16.4
1628404,00,0,296,118,27.3,3.5,7.7,0.45,1.4,4.2,0.347,1.5,2.0,0.739,0.9,4.9,5.7,2.1,0.9,0.4,1.2,2.3,9.9
1628392,00,0,165,4,13.7,2.3,3.9,0.6,0.1,0.3,0.383,1.0,1.5,0.682,1.4,2.5,3.9,1.5,0.5,0.8,1.0,2.2,5.8
2617,00,0,872,500,24.8,3.0,6.2,0.489,0.0,0.1,0.097,1.4,1.9,0.756,1.8,4.8,6.6,0.8,0.5,0.3,0.9,2.4,7.5
1630573,00,0,26,0,6.1,0.9,1.9,0.46,0.7,1.7,0.432,0.0,0.0,0.0,0.2,0.9,1.1,0.4,0.0,0.1,0.1,0.3,2.5
1629637,00,0,194,45,17.7,3.1,4.8,0.634,0.1,0.4,0.36,1.9,2.6,0.723,1.6,2.7,4.3,0.7,0.4,0.8,0.8,2.1,8.1
1630165,00,0,92,58,25.2,2.7,7.2,0.374,0.7,2.6,0.268,0.8,1.0,0.78,0.5,2.6,3.0,4.5,1.1,0.5,2.1,2.6,6.8
202330,00,0,734,571,31.1,5.4,11.9,0.453,1.4,3.7,0.371,3.4,4.1,0.826,0.8,3.7,4.5,3.5,1.0,0.4,2.0,1.7,15.6
1627823,00,0,297,66,15.7,1.8,4.3,0.428,0.8,2.4,0.351,0.9,1.3,0.681,0.8,2.6,3.4,0.6,0.4,0.2,0.5,1.1,5.4
1626195,00,0,306,46,15.3,2.9,5.4,0.534,0.1,0.4,0.309,1.5,2.1,0.702,2.1,3.8,5.9,1.1,0.4,0.4,1.0,1.7,7.4
1629639,00,0,175,33,30.3,6.2,14.0,0.44,2.3,5.9,0.385,2.1,2.5,0.851,0.4,4.3,4.7,3.2,0.6,0.2,2.1,1.4,16.7
1627741,00,0,468,297,29.2,5.8,13.5,0.43,3.0,7.6,0.398,1.3,1.5,0.865,0.7,3.5,4.3,2.5,0.8,0.3,1.8,2.1,15.9
1629312,00,0,24,1,8.5,0.8,2.3,0.357,0.4,1.4,0.303,0.1,0.3,0.286,0.4,0.9,1.3,0.3,0.1,0.1,0.2,0.6,2.2
201588,00,0,869,483,27.2,3.8,8.3,0.456,1.2,3.1,0.38,1.9,2.4,0.807,0.6,2.4,3.0,3.1,0.9,0.3,1.2,2.0,10.7
1630792,00,0,19,0,11.2,1.3,2.7,0.462,0.7,1.9,0.361,0.6,0.7,0.786,0.6,1.3,1.8,0.4,0.4,0.2,0.2,1.3,3.8
1630207,00,0,23,0,4.2,0.7,1.9,0.349,0.2,0.8,0.211,0.3,0.4,0.7,0.0,0.3,0.4,0.3,0.3,0.1,0.3,0.3,1.8
1628988,00,0,245,56,18.2,2.7,6.5,0.412,1.0,2.6,0.373,1.0,1.2,0.84,0.3,1.5,1.8,2.4,0.7,0.2,1.1,1.5,7.3
201950,00,0,839,760,33.2,6.4,13.9,0.46,1.4,3.8,0.363,2.0,2.6,0.776,0.9,3.1,4.0,6.4,1.5,0.5,2.7,2.2,16.2
203200,00,0,576,285,24.6,3.0,7.6,0.398,1.7,4.7,0.365,0.9,1.1,0.82,0.4,2.6,3.0,1.5,1.0,0.4,0.9,1.7,8.7
1626158,00,0,376,160,21.1,4.0,6.5,0.605,0.1,0.4,0.256,1.6,2.1,0.746,1.8,3.9,5.8,1.1,0.6,1.1,0.9,2.7,9.6
203918,00,0,448,253,24.5,3.8,9.0,0.42,1.4,4.0,0.366,1.4,1.7,0.841,0.4,2.2,2.6,1.6,0.7,0.2,1.0,1.9,10.4
201143,00,0,950,940,32.2,5.7,11.1,0.515,0.6,1.8,0.36,1.6,2.1,0.759,2.0,6.1,8.2,3.3,0.8,1.2,1.5,2.2,13.7
1629659,00,0,131,24,22.1,3.5,8.1,0.437,0.7,2.5,0.276,1.5,2.0,0.783,0.5,2.3,2.8,2.6,1.0,0.4,1.5,2.2,9.3
1627863,00,0,204,98,24.4,2.9,6.8,0.427,1.5,4.2,0.366,1.2,1.5,0.764,0.6,2.9,3.6,1.3,0.7,0.4,0.8,1.7,8.5
2730,00,0,1242,1078,31.8,5.7,9.7,0.587,0.0,0.1,0.214,4.3,7.6,0.567,3.3,8.4,11.8,1.3,0.9,1.8,2.7,3.1,15.7
1630210,00,0,68,1,5.6,1.2,3.0,0.382,0.7,2.0,0.341,0.4,0.5,0.844,0.0,0.4,0.5,0.4,0.2,0.0,0.4,0.6,3.4
1628989,00,0,274,216,29.6,4.3,10.1,0.431,2.1,5.4,0.379,0.7,0.9,0.788,0.6,2.9,3.5,3.2,0.9,0.4,1.3,2.4,11.4
1630190,00,0,54,4,9.2,1.1,3.2,0.328,0.6,2.2,0.28,0.2,0.2,0.769,0.1,1.1,1.2,0.5,0.3,0.2,0.4,0.7,2.9
1630624,00,0,2,0,4.2,0.0,1.0,0.0,0.0,0.0,0.0,0.0,0.0,0.0,0.5,0.0,0.5,0.5,0.5,0.0,0.5,0.5,0.0
1629631,00,0,139,133,30.7,4.7,10.8,0.434,1.5,4.3,0.359,2.2,2.8,0.785,0.6,3.5,4.1,1.6,0.7,0.4,1.4,2.8,13.2
1630538,00,0,69,4,19.0,3.3,8.3,0.403,1.9,5.2,0.366,1.6,1.8,0.856,0.2,2.5,2.7,2.8,0.6,0.3,1.2,2.2,10.1
201586,00,0,903,697,27.6,5.0,9.8,0.513,0.7,1.9,0.36,1.4,1.8,0.758,2.1,5.1,7.2,0.8,0.4,1.9,1.3,2.7,12.1
2738,00,0,1223,784,32.2,4.1,8.9,0.463,0.9,2.7,0.33,2.3,3.3,0.709,0.9,4.0,4.9,4.2,1.4,0.5,1.8,1.8,11.4
204060,00,0,590,313,25.7,3.1,6.8,0.449,1.8,4.4,0.408,0.7,0.9,0.768,0.3,2.9,3.2,3.8,0.9,0.2,1.6,1.9,8.6
1627742,00,0,368,329,32.8,6.7,14.6,0.461,1.3,3.7,0.36,3.8,4.9,0.769,0.8,4.4,5.2,3.8,0.7,0.6,2.4,2.4,18.5
202681,00,0,611,611,34.0,8.5,18.1,0.47,2.2,5.7,0.393,3.8,4.4,0.882,0.8,3.1,3.8,5.7,1.3,0.4,2.6,2.3,23.1
1628371,00,0,136,106,25.8,3.5,8.0,0.435,1.0,3.0,0.33,1.4,1.7,0.797,1.3,4.2,5.4,1.1,1.1,1.5,1.1,2.0,9.3
1628402,00,0,213,31,18.2,3.1,7.3,0.422,1.2,3.5,0.333,1.2,1.5,0.786,0.4,1.5,1.8,1.0,0.4,0.1,0.8,1.5,8.5
1630543,00,0,36,15,15.0,3.2,5.7,0.563,0.1,0.4,0.313,1.7,2.4,0.682,1.7,2.5,4.1,0.3,0.7,1.4,1.1,2.6,8.3
1628367,00,0,291,92,23.1,4.2,10.1,0.416,0.9,3.1,0.292,2.0,2.9,0.68,0.9,3.1,4.0,1.8,0.9,0.6,1.8,2.5,11.3
202704,00,0,703,466,25.6,4.9,11.5,0.424,1.3,3.9,0.345,2.0,2.3,0.854,0.5,2.5,3.0,4.3,0.7,0.1,1.9,2.0,13.1
1628991,00,0,204,195,27.1,5.6,12.3,0.453,1.7,4.8,0.351,3.0,3.8,0.791,1.3,3.9,5.1,1.2,0.9,1.8,1.7,3.8,15.8
2544,00,0,1366,1365,38.2,9.9,19.6,0.505,1.6,4.5,0.346,5.7,7.8,0.734,1.2,6.3,7.5,7.4,1.6,0.8,3.5,1.8,27.1
1629660,00,0,112,5,17.1,2.6,6.5,0.398,1.2,3.6,0.344,0.7,0.9,0.784,0.3,1.6,1.9,2.4,0.6,0.1,0.9,1.5,7.1
1630198,00,0,96,2,10.3,1.1,3.2,0.355,0.9,2.5,0.349,0.5,0.6,0.855,0.1,0.8,1.0,0.6,0.3,0.1,0.3,0.8,3.7
1629661,00,0,183,36,24.2,3.6,8.2,0.44,2.1,5.5,0.39,1.1,1.3,0.843,0.7,2.9,3.6,1.4,0.7,0.3,0.7,1.6,10.4
1630525,00,0,2,0,1.0,0.0,0.5,0.0,0.0,0.5,0.0,0.0,0.0,0.0,0.0,0.0,0.0,0.0,0.0,0.0,0.0,0.0,0.0
1630552,00,0,22,0,5.5,1.0,1.9,0.537,0.1,0.6,0.231,0.2,0.3,0.714,0.1,1.1,1.2,0.1,0.1,0.1,0.4,0.4,2.4
1629640,00,0,161,142,28.9,5.4,11.2,0.478,1.4,3.7,0.385,2.2,2.9,0.753,1.1,4.6,5.8,1.8,0.7,0.2,1.1,2.0,14.4
1630553,00,0,37,12,18.8,2.6,7.4,0.353,0.9,2.7,0.34,1.1,1.4,0.804,0.6,1.5,2.2,2.1,0.8,0.3,1.2,1.9,7.2
1626169,00,0,419,104,20.1,2.3,6.0,0.384,0.8,2.6,0.3,0.9,1.2,0.754,0.6,2.6,3.1,1.5,0.9,0.2,1.1,2.0,6.3
203999,00,0,527,486,30.4,7.6,13.9,0.542,1.0,2.9,0.345,3.5,4.3,0.83,2.6,7.7,10.4,6.2,1.2,0.7,2.8,2.8,19.7
1627745,00,0,199,74,15.2,2.2,3.3,0.665,0.1,0.2,0.302,1.1,1.6,0.702,1.2,2.3,3.4,0.8,0.4,0.7,0.7,2.3,5.6
1630529,00,0,78,69,29.9,3.5,7.4,0.476,0.7,2.2,0.337,1.8,2.1,0.84,1.3,2.5,3.8,2.1,1.7,0.8,1.3,3.1,9.5
1630539,00,0,21,0,3.0,0.4,0.7,0.643,0.0,0.1,0.5,0.1,0.4,0.375,0.1,0.4,0.5,0.2,0.0,0.1,0.3,0.4,1.0
1630222,00,0,36,1,10.7,1.6,3.8,0.428,0.7,1.9,0.357,1.4,2.2,0.658,0.2,1.6,1.8,1.3,0.3,0.0,0.8,0.9,5.4
1630200,00,0,106,12,13.4,1.9,3.9,0.487,0.1,0.5,0.232,0.8,1.0,0.8,0.3,1.3,1.7,2.6,0.5,0.1,0.6,0.9,4.8
1626145,00,0,455,72,18.4,2.4,5.5,0.435,0.7,1.9,0.352,0.7,0.9,0.818,0.2,1.5,1.8,3.7,1.0,0.1,0.7,0.8,6.2
1627884,00,0,280,97,19.8,2.4,4.8,0.509,0.5,1.6,0.298,1.2,1.7,0.699,1.3,2.2,3.4,0.7,0.7,0.7,0.6,2.0,6.5
201599,00,0,980,776,26.7,3.7,5.5,0.673,0.0,0.0,0.083,1.7,3.6,0.475,3.1,7.3,10.3,1.0,0.5,1.5,1.4,2.5,9.1
202709,00,0,728,173,22.2,2.7,6.2,0.444,0.6,1.6,0.344,1.1,1.3,0.787,0.5,2.1,2.6,3.0,0.8,0.2,1.0,1.6,7.1
1628379,00,0,297,74,23.5,3.6,8.0,0.449,1.9,4.4,0.425,0.9,1.1,0.869,0.3,2.6,2.9,2.0,0.5,0.1,0.9,1.5,10.0
1630296,00,0,11,0,17.9,3.0,6.5,0.458,0.5,1.9,0.286,0.6,1.2,0.538,1.2,3.4,4.5,1.0,0.9,1.0,1.0,2.4,7.2
1630557,00,0,77,36,23.4,3.0,6.7,0.455,1.5,4.2,0.35,0.7,0.8,0.871,0.7,2.0,2.7,1.1,0.5,0.3,0.6,1.2,8.2
1628467,00,0,326,135,22.7,2.5,5.6,0.446,1.2,3.5,0.359,0.8,1.0,0.796,1.2,3.6,4.8,1.1,0.4,0.9,0.7,2.1,7.1
1630233,00,0,70,2,7.8,1.2,2.7,0.436,0.1,0.7,0.217,1.3,1.6,0.765,0.8,1.4,2.2,0.4,0.2,0.3,0.5,0.9,3.7
1628995,00,0,212,61,18.9,2.7,7.3,0.369,1.1,3.3,0.34,1.2,1.7,0.705,0.5,2.4,2.9,0.8,0.4,0.3,0.9,1.6,7.7
1629723,00,0,134,7,15.3,1.7,3.3,0.522,0.6,1.4,0.406,0.4,0.6,0.654,1.0,2.7,3.8,1.3,0.6,0.3,0.4,1.0,4.4
1627788,00,0,256,49,18.7,2.7,6.8,0.405,1.5,4.1,0.355,0.9,1.2,0.769,0.3,1.9,2.2,1.3,0.6,0.1,0.7,1.1,7.9
1628436,00,0,148,35,14.3,2.0,4.9,0.408,1.0,3.0,0.324,0.5,0.7,0.753,0.6,2.0,2.6,1.0,0.3,0.8,0.4,1.0,5.5
1630249,00,0,30,8,23.0,2.3,5.6,0.407,1.1,3.3,0.327,0.6,0.7,0.864,0.6,2.8,3.4,1.9,0.6,0.3,1.0,2.2,6.2
1629083,00,0,2,0,2.7,0.0,0.5,0.0,0.0,0.5,0.0,0.0,0.0,0.0,0.0,0.0,0.0,0.0,0.0,0.0,0.0,0.5,0.0
1630228,00,0,70,12,16.9,3.4,6.6,0.513,0.7,2.1,0.336,1.9,2.7,0.684,0.8,2.6,3.3,0.9,0.4,0.3,1.1,2.1,9.3
1628398,00,0,342,212,30.4,5.9,13.1,0.449,1.9,5.5,0.339,2.0,2.7,0.723,1.1,5.1,6.2,2.2,0.6,0.5,1.9,2.1,15.6
203897,00,0,478,391,31.8,7.1,15.4,0.461,2.2,5.6,0.386,3.5,4.2,0.83,0.5,3.5,3.9,3.9,0.9,0.3,2.7,2.2,19.8
1630237,00,0,26,3,16.3,1.8,4.6,0.383,0.9,2.8,0.315,0.7,0.8,0.857,1.0,1.7,2.7,1.0,0.2,0.2,0.7,1.3,5.1
203087,00,0,573,136,20.8,3.7,8.4,0.439,1.0,3.1,0.342,1.7,1.9,0.857,0.5,3.1,3.6,1.6,0.7,0.4,0.8,1.6,10.1
1629111,00,0,54,1,10.9,1.9,3.8,0.495,0.5,1.6,0.326,0.6,0.8,0.829,1.2,1.4,2.6,0.8,0.2,0.3,0.6,1.0,4.9
1629641,00,0,98,11,14.5,1.3,3.4,0.4,0.4,1.3,0.3,0.5,0.8,0.633,0.6,1.3,1.9,0.5,0.4,0.3,0.4,1.1,3.6
1627774,00,0,243,49,12.8,1.9,4.1,0.46,0.5,1.8,0.3,0.5,0.7,0.719,0.4,1.3,1.7,0.5,0.4,0.3,0.5,1.0,4.8
1627747,00,0,318,180,27.5,5.5,12.6,0.437,1.4,4.1,0.333,2.3,3.1,0.737,0.7,3.1,3.8,4.0,1.1,0.3,1.9,2.0,14.6
1627814,00,0,216,53,21.0,2.9,6.7,0.434,1.2,3.5,0.357,1.2,1.4,0.868,0.5,3.0,3.5,1.4,0.7,0.1,0.7,1.6,8.2
1630240,00,0,85,7,16.3,2.0,4.6,0.434,0.3,1.0,0.265,1.4,1.9,0.731,0.4,1.7,2.2,3.3,0.8,0.3,1.1,1.4,5.6
203458,00,0,570,235,18.9,3.0,5.8,0.507,0.2,0.6,0.329,1.6,2.3,0.683,1.9,4.0,5.9,0.9,0.4,1.0,1.2,2.6,7.7
202695,00,0,576,549,31.3,6.9,14.0,0.493,1.5,3.9,0.384,3.9,4.5,0.858,1.2,5.2,6.4,2.9,1.8,0.6,1.6,1.7,19.2
1630575,00,0,2,0,3.3,0.0,0.0,0.0,0.0,0.0,0.0,0.5,1.0,0.5,0.0,0.0,0.0,0.5,0.5,0.0,0.0,0.0,0.5
1630184,00,0,78,0,16.0,2.4,6.2,0.391,0.7,2.3,0.298,0.7,0.8,0.841,0.3,1.1,1.4,2.2,0.6,0.1,0.8,1.3,6.2
203081,00,0,711,711,36.3,8.1,18.4,0.437,3.0,8.1,0.373,5.5,6.2,0.893,0.6,3.6,4.2,6.6,1.0,0.3,2.8,1.9,24.6
1629642,00,0,138,30,16.7,2.1,4.6,0.455,0.7,2.1,0.317,1.0,1.3,0.727,0.9,2.5,3.4,0.7,0.3,0.5,0.5,1.5,5.8
1630587,00,0,19,5,20.2,2.2,4.7,0.456,1.4,3.4,0.422,0.6,0.7,0.857,0.8,2.2,3.0,1.1,0.7,0.4,0.8,1.9,6.4
1626172,00,0,367,150,16.4,2.0,3.5,0.567,0.0,0.2,0.172,0.7,1.1,0.606,1.8,2.9,4.8,1.4,0.5,0.6,0.6,2.1,4.7
201572,00,0,868,828,30.2,6.3,12.7,0.494,0.8,2.2,0.341,3.1,3.9,0.796,2.0,4.2,6.2,1.4,0.6,1.8,1.7,2.7,16.4
201577,00,0,939,603,21.9,3.7,6.8,0.536,0.1,0.2,0.294,1.4,1.8,0.742,2.3,2.6,4.9,0.8,0.2,1.1,1.1,1.9,8.7
1629712,00,0,12,1,15.5,1.3,3.8,0.326,0.9,2.6,0.355,0.2,0.2,1.0,0.5,1.2,1.7,0.7,0.3,0.2,0.7,1.5,3.6
201567,00,0,812,659,30.9,5.8,13.2,0.441,1.8,4.8,0.373,4.2,5.1,0.829,2.6,8.1,10.7,2.4,0.7,0.4,1.9,2.0,17.6
200768,00,0,1023,787,31.9,4.7,11.2,0.425,1.9,5.2,0.368,3.4,4.1,0.813,0.8,3.6,4.4,6.3,1.3,0.3,2.4,2.7,14.8
1630994,00,0,4,0,11.1,1.3,4.8,0.263,0.8,2.0,0.375,0.0,0.0,0.0,0.5,1.3,1.8,2.8,0.8,0.0,0.8,1.8,3.3
1627789,00,0,328,60,16.0,2.0,5.1,0.391,1.0,2.9,0.335,1.0,1.2,0.829,0.4,1.6,2.0,0.9,0.4,0.1,0.7,1.8,5.9
1626168,00,0,449,126,18.3,2.9,6.5,0.441,0.9,2.6,0.338,1.2,1.6,0.737,0.8,3.5,4.3,1.1,0.4,0.3,0.8,1.4,7.8
1630177,00,0,116,56,23.2,3.0,8.0,0.371,1.3,4.0,0.322,1.6,2.0,0.766,0.4,2.6,2.9,2.9,0.8,0.2,1.8,1.7,8.8
1630572,00,0,41,3,9.9,1.4,2.8,0.496,0.5,1.3,0.423,0.4,0.5,0.818,0.9,1.1,2.0,0.5,0.2,0.2,0.4,0.7,3.8
1629611,00,0,189,49,20.9,2.9,5.9,0.491,0.6,1.7,0.379,1.2,1.5,0.786,0.9,2.9,3.8,1.9,0.5,0.2,0.8,1.9,7.6
1630544,00,0,60,26,22.8,3.9,9.8,0.393,1.6,4.5,0.36,1.1,1.4,0.793,0.4,2.4,2.9,1.5,0.8,0.2,1.2,1.7,10.4
1626246,00,0,286,25,9.2,2.2,3.9,0.574,0.0,0.1,0.256,1.4,1.8,0.766,1.3,2.5,3.8,0.5,0.2,0.3,0.7,1.2,5.9
1628374,00,0,282,256,29.7,5.4,12.3,0.441,2.2,6.1,0.364,2.3,2.7,0.85,1.1,5.7,6.8,1.3,0.7,0.5,1.3,1.9,15.4
1630230,00,0,87,14,16.5,2.2,5.5,0.4,0.6,2.2,0.266,1.5,1.9,0.756,0.6,2.7,3.3,1.7,0.7,0.2,1.0,1.5,6.4
1628997,00,0,131,16,19.1,2.6,5.7,0.455,0.9,2.4,0.363,1.0,1.4,0.725,0.8,2.3,3.1,1.2,0.8,0.4,0.8,1.5,7.1
1628998,00,0,171,24,21.2,2.2,4.8,0.46,0.6,1.7,0.323,0.8,1.3,0.66,1.0,2.5,3.5,2.1,1.0,0.3,0.8,1.4,5.8
1630231,00,0,124,10,22.0,3.6,6.8,0.524,0.8,2.1,0.36,1.1,1.7,0.667,1.2,3.1,4.3,1.2,0.5,0.7,0.8,1.6,9.0
1629726,00,0,147,57,20.3,2.1,5.1,0.405,1.6,4.3,0.371,1.8,2.1,0.835,0.4,1.7,2.0,0.7,0.6,0.2,0.4,2.1,7.5
202083,00,0,898,754,30.5,4.2,9.9,0.421,2.0,5.3,0.377,1.9,2.3,0.824,0.5,2.4,2.9,2.0,1.0,0.2,1.2,2.1,12.2
1630178,00,0,136,82,26.4,5.0,10.5,0.478,1.2,3.0,0.396,2.0,2.3,0.867,0.3,2.3,2.5,3.2,0.6,0.3,0.9,1.7,13.2
1630219,00,0,61,5,8.0,1.2,2.7,0.469,0.4,1.1,0.338,0.5,0.6,0.882,0.2,0.7,1.0,0.8,0.3,0.0,0.3,0.4,3.3
1630540,00,0,40,2,9.3,0.8,2.7,0.296,0.4,1.7,0.25,0.2,0.3,0.667,0.1,1.0,1.1,1.0,0.4,0.0,0.1,1.1,2.2
1630644,00,0,2,0,12.2,1.5,3.0,0.5,0.5,1.5,0.333,0.5,0.5,1.0,0.0,1.5,1.5,0.5,0.5,0.5,1.5,2.5,4.0
203468,00,0,590,493,31.6,7.4,16.2,0.455,2.3,5.9,0.396,2.1,2.6,0.81,0.6,2.8,3.5,3.5,0.9,0.4,1.7,2.1,19.2
204456,00,0,481,86,22.2,3.1,6.1,0.503,0.2,0.7,0.327,0.5,0.7,0.769,0.5,2.4,3.0,5.0,1.3,0.2,1.6,1.5,6.9
1630183,00,0,133,58,24.9,3.2,6.9,0.455,1.1,3.4,0.338,0.6,0.9,0.724,1.0,3.0,3.9,1.1,0.7,0.9,0.9,3.0,8.1
1629667,00,0,118,20,17.7,2.4,5.2,0.475,0.7,2.0,0.359,0.9,1.3,0.732,0.8,2.6,3.4,1.1,0.5,0.4,0.8,1.9,6.6
203926,00,0,527,94,20.9,3.5,7.3,0.476,1.4,3.4,0.409,0.9,1.0,0.82,0.4,1.9,2.3,0.9,0.2,0.1,0.7,1.5,9.2
201580,00,0,821,336,17.0,3.4,5.9,0.576,0.0,0.1,0.182,1.1,1.9,0.605,1.9,3.4,5.3,0.4,0.4,1.5,1.0,2.2,8.0
203585,00,0,285,120,19.8,2.2,5.2,0.421,0.9,2.6,0.352,0.5,0.8,0.658,0.8,2.0,2.8,1.2,0.5,0.2,0.6,1.5,5.8
1629162,00,0,143,7,17.0,1.9,4.3,0.444,0.6,1.8,0.352,0.6,0.8,0.725,0.3,1.4,1.8,3.5,1.0,0.1,0.8,0.9,5.0
203463,00,0,556,268,22.5,3.2,7.7,0.414,1.6,4.3,0.363,1.1,1.4,0.78,0.4,1.9,2.3,1.0,0.6,0.2,1.1,2.1,9.0
1629001,00,0,235,55,20.7,3.0,7.4,0.409,1.3,3.5,0.361,1.0,1.4,0.766,0.7,2.9,3.6,2.8,1.3,0.5,1.4,1.9,8.4
1629002,00,0,143,26,14.1,2.4,5.1,0.463,0.5,1.6,0.308,0.9,1.1,0.762,0.6,3.0,3.6,0.8,0.5,0.4,0.8,1.2,6.1
203114,00,0,651,576,31.8,6.2,13.5,0.458,1.9,4.8,0.392,2.8,3.2,0.881,0.6,4.2,4.9,3.8,1.2,0.2,2.1,2.6,17.1
201988,00,0,820,105,20.7,3.3,7.7,0.426,1.8,4.5,0.389,0.9,1.0,0.855,0.3,1.4,1.7,2.3,0.7,0.1,1.0,1.3,9.2
200794,00,0,1085,746,28.1,5.0,10.3,0.489,0.5,1.5,0.341,2.8,3.9,0.736,2.2,4.9,7.1,2.2,1.2,1.0,1.7,3.0,13.4
1629003,00,0,178,34,20.9,3.6,8.1,0.447,1.0,2.9,0.361,1.5,1.8,0.819,0.5,1.8,2.3,2.6,0.5,0.3,1.1,2.0,9.7
1630558,00,0,75,19,27.7,4.7,11.2,0.418,1.3,4.3,0.316,0.7,1.1,0.659,0.4,1.8,2.2,4.2,0.7,0.3,1.5,1.9,11.5
1628378,00,0,345,337,33.7,8.6,19.4,0.441,2.8,7.7,0.361,4.0,4.8,0.833,0.8,3.4,4.2,4.5,1.3,0.3,2.8,2.5,23.9
1630596,00,0,69,69,33.8,6.1,12.0,0.508,0.3,1.3,0.25,2.4,3.7,0.663,2.1,6.2,8.3,2.5,0.8,1.7,1.9,2.1,15.0
1628370,00,0,309,38,20.4,3.7,8.8,0.424,1.6,4.6,0.355,1.2,1.4,0.83,0.3,2.0,2.3,2.0,0.5,0.2,1.3,1.4,10.3
202328,00,0,646,417,27.4,5.2,10.1,0.514,0.0,0.0,0.059,2.6,3.7,0.703,2.8,5.4,8.2,2.1,1.1,0.6,1.9,2.2,13.0
1630541,00,0,52,11,11.7,1.5,3.5,0.437,0.8,2.1,0.364,0.5,0.7,0.778,0.3,1.2,1.5,0.4,0.1,0.2,0.3,0.8,4.4
1629875,00,0,10,0,13.7,2.5,5.1,0.49,0.5,1.4,0.357,0.3,0.5,0.6,0.2,1.2,1.4,2.4,0.7,0.3,0.6,0.9,5.8
1629630,00,0,187,187,32.2,7.8,16.4,0.474,1.2,3.6,0.327,4.4,5.9,0.754,1.0,3.5,4.5,7.1,1.0,0.3,3.3,1.5,21.2
1629752,00,0,52,0,6.0,0.6,1.1,0.525,0.2,0.4,0.348,0.1,0.2,0.545,0.4,0.8,1.2,0.3,0.1,0.1,0.2,0.8,1.5
202693,00,0,715,376,24.8,4.2,9.5,0.446,0.8,2.5,0.341,1.6,2.1,0.777,1.2,4.0,5.2,1.6,0.8,0.5,1.5,2.7,10.9
1628420,00,0,280,105,25.2,4.2,8.7,0.481,1.2,3.0,0.394,1.0,1.2,0.83,0.3,2.0,2.3,3.7,0.8,0.2,0.8,1.1,10.5
202694,00,0,718,437,27.1,4.5,10.4,0.435,1.6,4.2,0.377,1.8,2.3,0.773,0.9,3.7,4.6,1.5,0.7,0.3,1.2,2.2,12.4
1628539,00,0,84,12,14.4,2.0,4.9,0.413,1.4,3.8,0.369,0.3,0.5,0.711,0.2,1.1,1.3,0.5,0.2,0.2,0.3,1.1,5.8
1630530,00,0,62,1,13.9,1.8,4.5,0.394,1.1,3.0,0.382,0.7,0.8,0.882,0.8,1.6,2.4,0.6,0.4,0.1,0.3,1.0,5.4
1627749,00,0,320,249,25.8,5.1,11.2,0.455,0.7,2.1,0.33,1.6,2.1,0.771,1.0,5.0,6.0,4.8,1.4,0.3,1.9,1.9,12.5
1627750,00,0,345,270,30.1,6.0,13.5,0.446,2.0,5.3,0.367,2.4,2.7,0.878,0.8,2.9,3.6,3.8,1.0,0.3,2.0,1.9,16.3
203488,00,0,432,30,15.5,2.2,4.8,0.458,0.9,2.5,0.377,0.8,0.9,0.847,0.8,2.4,3.2,0.9,0.3,0.5,0.6,1.5,6.2
1629004,00,0,220,46,17.0,2.3,5.8,0.398,1.3,3.7,0.353,0.6,0.8,0.785,0.3,1.5,1.8,1.4,0.6,0.1,0.9,1.0,6.6
1626204,00,0,396,133,24.1,3.3,6.3,0.529,0.4,1.3,0.333,1.0,1.5,0.689,2.0,4.5,6.5,1.9,1.2,0.5,1.0,2.2,8.1
1630612,00,0,14,0,4.5,0.4,1.3,0.333,0.0,0.1,0.0,0.2,0.3,0.75,0.2,0.3,0.5,0.9,0.1,0.0,0.2,0.1,1.1
1630174,00,0,98,4,12.7,1.5,3.7,0.417,0.7,2.3,0.318,0.4,0.6,0.796,0.4,1.8,2.2,0.5,0.4,0.1,0.6,1.6,4.2
203526,00,0,387,98,16.2,2.3,5.0,0.455,0.6,1.7,0.366,0.8,1.0,0.804,0.2,1.4,1.6,2.2,0.7,0.1,1.0,1.3,6.0
1627777,00,0,305,18,14.6,2.2,5.0,0.437,1.4,3.4,0.404,0.4,0.4,0.873,0.3,1.8,2.0,0.8,0.3,0.1,0.6,1.5,6.1
1630227,00,0,24,0,10.9,1.1,2.8,0.403,0.3,1.1,0.269,0.7,1.3,0.533,0.3,1.1,1.4,1.7,0.6,0.0,1.1,0.9,3.2
1630192,00,0,83,2,13.2,1.8,3.5,0.503,0.7,1.7,0.439,0.6,1.0,0.663,0.8,1.7,2.6,0.3,0.3,0.2,0.4,1.3,4.9
203457,00,0,450,219,22.4,3.0,5.5,0.549,0.0,0.0,0.154,1.3,2.0,0.655,2.0,4.2,6.2,1.1,1.3,1.5,1.3,2.6,7.3
1629669,00,0,119,1,15.8,3.0,6.7,0.446,1.0,2.8,0.345,1.1,1.4,0.811,0.4,1.6,1.9,1.8,0.4,0.2,0.6,1.3,8.1
1628373,00,0,269,60,17.9,2.0,5.3,0.371,0.7,2.1,0.331,0.6,0.7,0.775,0.3,1.5,1.8,2.3,0.7,0.2,1.1,2.0,5.2
1629134,00,0,123,111,29.4,5.9,12.8,0.458,2.1,5.8,0.364,1.1,1.3,0.881,0.3,2.6,2.9,3.0,0.9,0.2,1.6,2.1,15.0
203994,00,0,411,330,23.9,4.8,9.7,0.5,0.1,0.3,0.232,2.4,3.6,0.672,2.6,6.0,8.5,2.2,0.9,1.2,2.1,3.1,12.2
1628021,00,0,237,50,19.3,2.5,5.2,0.49,0.4,1.1,0.32,1.4,2.1,0.673,1.0,2.7,3.7,1.0,0.7,0.4,0.7,1.9,6.8
1629670,00,0,92,15,15.9,2.7,6.5,0.415,1.2,3.1,0.37,0.6,0.7,0.809,0.5,2.6,3.1,0.7,0.5,0.3,0.9,1.1,7.2
1626220,00,0,370,230,25.7,2.2,4.9,0.448,1.2,3.0,0.381,0.6,0.7,0.796,0.6,4.2,4.8,2.1,0.8,0.4,0.9,2.3,6.2
1629643,00,0,115,39,25.1,3.1,7.8,0.39,1.5,4.5,0.326,0.7,0.9,0.81,0.8,3.8,4.6,1.9,1.3,0.6,0.8,1.2,8.3
1629006,00,0,244,123,20.6,2.1,5.2,0.403,0.6,2.1,0.275,1.6,2.1,0.758,0.9,2.0,2.9,1.1,1.0,0.4,0.9,2.0,6.4
1630168,00,0,98,10,16.3,2.6,3.8,0.672,0.0,0.0,0.0,1.2,1.7,0.695,1.8,2.7,4.6,0.7,0.6,0.9,0.7,2.5,6.3
1630171,00,0,134,128,31.0,3.3,7.4,0.446,0.9,2.8,0.315,1.7,2.3,0.747,1.0,2.0,3.0,1.9,0.9,0.3,1.1,2.6,9.2
203506,00,0,462,395,32.8,6.4,14.6,0.438,1.6,4.6,0.348,3.0,3.8,0.79,0.6,4.0,4.6,3.9,1.6,0.5,2.6,2.4,17.4
203482,00,0,610,166,22.0,3.6,7.7,0.476,1.2,3.3,0.365,1.6,2.0,0.782,1.2,3.9,5.1,2.0,0.8,0.5,1.5,2.8,10.1
1626224,00,0,327,181,24.5,3.6,8.6,0.423,1.6,4.5,0.349,1.2,1.7,0.718,0.5,2.7,3.2,2.1,0.7,0.1,1.2,2.1,10.0
1626162,00,0,479,162,25.2,4.3,10.0,0.434,1.5,4.4,0.331,1.9,2.6,0.749,0.9,3.4,4.3,1.0,0.9,0.5,1.0,2.5,12.0
1629672,00,0,158,31,19.5,3.7,7.4,0.494,0.6,1.8,0.326,1.9,2.5,0.758,0.9,2.3,3.2,1.4,0.3,0.2,1.0,1.5,9.8
101108,00,0,1155,1155,34.5,6.4,13.5,0.473,1.3,3.6,0.369,4.0,4.6,0.871,0.6,3.9,4.5,9.5,2.1,0.1,2.4,2.4,18.1
1626166,00,0,279,41,17.9,3.0,7.0,0.421,1.0,2.8,0.362,0.7,0.9,0.83,0.3,1.9,2.2,3.2,0.7,0.2,1.2,1.7,7.6
203901,00,0,500,395,26.8,4.2,9.3,0.447,0.4,1.3,0.287,1.3,2.2,0.623,1.0,3.0,4.0,5.7,1.2,0.3,2.2,2.0,10.1
1627780,00,0,142,39,14.5,2.2,4.1,0.542,0.5,1.5,0.32,0.3,0.6,0.571,0.8,2.0,2.8,1.1,1.0,0.3,0.6,1.6,5.2
1630691,00,0,13,0,13.6,1.4,3.8,0.36,1.0,3.0,0.333,0.1,0.2,0.5,0.5,2.0,2.5,0.5,0.0,0.5,0.4,0.9,3.8
1629033,00,0,87,0,8.7,1.0,3.2,0.308,0.4,1.9,0.226,0.5,0.6,0.917,0.2,1.1,1.3,1.1,0.3,0.1,0.7,0.8,2.9
203486,00,0,661,386,22.3,3.3,5.6,0.584,0.0,0.1,0.049,1.7,3.1,0.557,2.1,4.6,6.6,2.4,0.8,0.9,1.5,2.8,8.3
1627751,00,0,416,164,20.2,3.2,5.2,0.628,0.0,0.0,0.667,0.8,1.6,0.518,2.5,3.6,6.1,1.4,0.5,1.3,1.0,2.3,7.3
1630197,00,0,106,40,21.9,3.1,8.2,0.376,1.1,3.8,0.285,0.6,0.9,0.717,1.0,4.0,5.0,2.2,0.6,0.8,1.8,1.4,7.8
1630582,00,0,12,0,5.9,0.4,1.3,0.313,0.3,0.8,0.333,0.0,0.2,0.0,0.4,0.6,1.0,0.1,0.1,0.3,0.1,0.5,1.1
1629673,00,0,184,72,24.7,4.6,11.1,0.416,2.1,6.1,0.341,2.4,2.7,0.885,0.3,2.2,2.6,2.9,0.7,0.2,1.7,2.1,13.7
1629645,00,0,137,87,28.5,4.9,11.6,0.424,1.9,5.3,0.352,1.9,2.8,0.686,0.6,3.2,3.9,4.7,1.0,0.3,2.7,2.6,13.7
1629008,00,0,125,71,24.6,5.4,10.4,0.518,1.9,4.6,0.419,1.4,1.7,0.795,1.3,4.8,6.1,1.1,0.6,0.6,1.1,1.9,14.1
203490,00,0,504,316,26.0,4.1,8.6,0.477,1.3,3.3,0.398,1.1,1.4,0.794,1.2,3.9,5.1,1.5,1.1,0.4,0.8,1.8,10.6
1626171,00,0,453,120,21.7,4.5,9.5,0.47,1.1,2.7,0.383,1.1,1.5,0.752,1.9,4.7,6.6,1.2,0.6,0.4,1.1,1.9,11.1
204001,00,0,337,336,30.8,6.8,15.3,0.444,1.8,5.0,0.353,3.6,4.4,0.82,1.7,6.1,7.9,1.6,0.7,1.9,1.6,3.0,18.9
203939,00,0,511,178,19.0,2.8,4.9,0.585,0.2,0.8,0.296,1.8,2.4,0.751,1.6,3.0,4.6,1.0,0.6,0.5,0.7,2.2,7.7
1629619,00,0,11,0,4.7,0.5,1.5,0.294,0.1,0.5,0.167,0.2,0.2,1.0,0.1,0.5,0.5,0.3,0.1,0.0,0.3,0.7,1.2
1626181,00,0,421,188,22.4,4.0,8.6,0.463,1.4,3.7,0.384,1.9,2.3,0.831,0.4,2.2,2.6,1.5,0.8,0.3,1.2,1.8,11.3
1630563,00,0,50,16,19.3,2.0,5.4,0.374,0.8,2.7,0.307,0.9,1.2,0.746,0.6,1.6,2.3,1.6,0.4,0.5,1.1,1.6,5.8
1627752,00,0,370,218,24.2,3.7,8.9,0.416,1.7,4.6,0.371,1.4,1.7,0.815,0.5,3.4,3.9,1.7,0.8,0.4,1.6,2.0,10.5
1630202,00,0,137,6,16.6,2.5,5.8,0.435,1.5,3.6,0.412,0.4,0.5,0.924,0.5,1.7,2.1,1.9,0.5,0.1,0.7,1.2,6.9
1630243,00,0,10,0,7.4,1.5,3.3,0.455,0.9,2.4,0.375,0.4,0.4,1.0,0.7,0.9,1.6,0.4,0.5,0.1,0.7,0.6,4.3
1629674,00,0,15,0,8.0,1.1,2.5,0.447,0.0,0.0,0.0,0.7,1.1,0.647,0.9,1.1,2.1,0.4,0.1,0.5,0.4,1.2,3.0
1630193,00,0,142,6,21.5,3.6,9.2,0.393,1.8,4.9,0.365,2.3,2.6,0.885,0.4,2.3,2.7,2.8,0.6,0.1,1.1,2.0,11.4
203944,00,0,518,438,31.2,6.5,13.9,0.472,0.9,2.6,0.332,3.8,5.1,0.743,2.0,7.3,9.3,3.6,0.7,0.5,2.7,3.1,17.7
1630559,00,0,61,19,23.2,2.4,5.2,0.459,0.9,2.7,0.317,1.6,1.9,0.839,0.7,2.4,3.2,1.8,0.5,0.3,0.7,1.4,7.3
1629629,00,0,133,62,24.9,3.6,9.2,0.387,1.4,4.2,0.325,2.0,2.4,0.841,0.6,2.6,3.2,1.3,1.1,0.4,1.4,2.0,10.5
1628432,00,0,79,6,12.1,1.4,3.2,0.434,0.6,1.6,0.391,0.2,0.3,0.667,0.2,1.7,1.9,0.9,0.4,0.1,0.3,1.1,3.6
1630194,00,0,64,2,7.5,1.5,2.7,0.552,0.0,0.2,0.143,0.2,0.3,0.455,1.2,1.2,2.4,0.4,0.7,0.4,0.3,1.3,3.2
1629675,00,0,177,32,17.3,3.6,7.3,0.49,0.8,2.5,0.343,1.5,2.1,0.723,1.2,3.0,4.2,1.0,0.5,1.0,1.0,2.5,9.5
1630208,00,0,68,5,6.3,0.9,1.5,0.646,0.0,0.0,0.0,0.5,0.8,0.685,0.6,0.9,1.4,0.2,0.1,0.3,0.4,0.9,2.4
1626196,00,0,438,306,29.8,4.4,10.3,0.428,1.6,4.3,0.365,1.7,2.0,0.839,0.7,2.4,3.1,2.7,1.1,0.6,1.4,2.3,12.0
203085,00,0,655,174,24.2,3.2,7.8,0.418,1.1,3.3,0.349,1.1,1.8,0.649,0.3,1.7,2.1,2.2,0.7,0.2,1.1,2.1,8.8
1629130,00,0,239,209,27.7,4.0,9.1,0.435,3.2,7.9,0.406,0.8,0.9,0.86,0.2,2.8,2.9,1.5,0.5,0.2,0.9,2.5,11.9
1629011,00,0,230,117,23.8,3.6,5.0,0.722,0.0,0.0,0.0,1.2,2.2,0.54,3.4,4.1,7.5,0.6,0.9,2.0,0.7,3.0,8.4
1630526,00,0,49,36,22.2,2.7,6.6,0.414,1.2,3.4,0.352,0.8,1.1,0.741,1.5,4.1,5.6,1.0,0.6,0.3,0.8,1.5,7.5
1629676,00,0,109,62,21.9,3.4,6.9,0.495,0.7,1.9,0.365,1.5,2.1,0.708,1.5,3.6,5.1,1.6,0.8,0.7,1.4,2.5,9.1
200765,00,0,957,733,29.9,4.1,8.9,0.456,0.5,1.4,0.324,1.2,1.9,0.611,1.0,3.6,4.5,7.9,1.6,0.1,2.7,2.1,9.8
201565,00,0,672,511,31.7,7.1,15.6,0.457,0.8,2.6,0.316,3.1,3.8,0.83,0.8,2.5,3.3,5.4,0.8,0.3,2.5,1.3,18.2
203082,00,0,670,178,24.8,4.1,9.8,0.417,1.8,5.1,0.361,1.2,1.4,0.839,0.3,2.5,2.8,1.3,0.8,0.3,1.0,1.7,11.2
1626179,00,0,477,235,26.1,4.6,11.0,0.417,2.0,5.3,0.376,1.5,1.9,0.822,0.7,3.3,3.9,3.2,0.9,0.2,1.2,1.4,12.7
201937,00,0,665,601,30.3,3.6,9.3,0.389,0.9,2.8,0.326,3.0,3.5,0.843,0.6,3.5,4.2,7.6,1.8,0.1,2.6,2.5,11.1
1626156,00,0,424,360,29.4,6.4,15.3,0.42,2.5,6.9,0.356,2.4,3.1,0.781,0.5,3.0,3.5,5.6,1.1,0.3,2.8,1.9,17.7
1630346,00,0,1,0,5.3,1.0,5.0,0.2,1.0,5.0,0.2,0.0,0.0,0.0,0.0,0.0,0.0,0.0,1.0,0.0,0.0,0.0,3.0
1627734,00,0,415,275,28.4,5.6,10.5,0.534,0.4,1.4,0.319,2.7,3.7,0.728,2.3,6.9,9.2,3.6,0.7,0.4,2.3,3.0,14.4
203967,00,0,356,205,25.2,4.2,9.5,0.441,1.4,4.0,0.357,1.9,2.3,0.838,1.5,4.3,5.9,2.0,0.6,0.2,1.6,2.1,11.7
203107,00,0,388,182,22.2,2.6,5.5,0.468,0.6,1.7,0.354,1.1,1.4,0.82,0.8,2.1,2.9,4.1,0.8,0.2,1.3,1.7,6.9
1630648,00,0,4,0,7.6,0.3,2.8,0.091,0.3,1.5,0.167,0.5,0.5,1.0,0.5,1.5,2.0,0.0,0.3,0.0,0.3,0.0,1.3
1629678,00,0,71,3,11.8,1.3,3.1,0.403,0.6,2.0,0.321,0.3,0.4,0.733,0.3,1.6,1.9,0.6,0.2,0.1,0.4,1.5,3.5
203471,00,0,621,267,26.5,5.3,12.2,0.436,1.2,3.4,0.338,2.4,2.9,0.833,0.4,2.5,2.9,4.7,0.8,0.1,2.4,2.0,14.2
1630206,00,0,22,1,9.3,1.5,3.7,0.39,0.4,1.4,0.267,0.5,0.7,0.8,0.2,1.2,1.4,0.4,0.4,0.1,0.6,0.6,3.8
1630578,00,0,72,13,20.7,3.5,7.3,0.474,0.4,1.6,0.248,2.3,3.2,0.711,1.9,3.5,5.5,2.6,0.8,0.9,2.0,3.0,9.6
1629012,00,0,218,208,32.9,7.5,16.3,0.458,1.5,3.9,0.378,3.6,4.3,0.827,0.9,2.2,3.0,3.3,0.8,0.1,2.5,2.3,20.0
1629013,00,0,262,83,23.3,3.0,7.2,0.41,2.0,5.2,0.39,1.0,1.3,0.835,0.2,1.6,1.8,1.6,0.4,0.1,0.7,1.8,9.0
1630549,00,0,32,8,12.2,2.7,4.7,0.577,0.1,0.2,0.286,0.8,1.3,0.585,2.5,2.5,5.0,0.5,0.3,0.5,0.9,1.9,6.2
1627783,00,0,400,306,29.5,6.0,12.3,0.489,1.0,3.0,0.328,2.7,3.5,0.774,1.4,4.9,6.3,3.1,0.9,0.7,1.8,2.7,15.7
1627732,00,0,275,275,33.9,6.5,11.6,0.56,0.0,0.1,0.147,2.9,4.9,0.597,1.9,6.2,8.1,7.7,1.7,0.7,3.4,2.8,15.9
1630250,00,0,9,0,3.9,0.4,1.7,0.267,0.1,0.6,0.2,0.9,1.2,0.727,0.6,0.6,1.1,0.0,0.1,0.1,0.2,0.7,1.9
1629014,00,0,211,35,20.7,3.6,8.5,0.425,1.8,4.6,0.392,1.1,1.3,0.833,0.3,1.8,2.2,2.0,0.4,0.1,1.1,1.7,10.2
1630579,00,0,41,5,13.5,1.0,1.3,0.722,0.0,0.0,0.0,0.3,0.7,0.414,1.5,2.6,4.1,0.5,0.3,0.5,0.5,1.6,2.2
1630606,00,0,17,1,11.8,1.1,3.5,0.317,0.5,1.6,0.296,0.3,0.4,0.833,0.3,1.1,1.4,0.9,0.4,0.2,0.6,0.7,3.0
203935,00,0,520,299,29.8,3.5,9.1,0.382,1.5,4.8,0.321,1.9,2.5,0.78,0.8,2.8,3.6,4.5,1.6,0.4,1.8,2.6,10.5
202397,00,0,719,167,20.0,3.2,7.5,0.43,0.4,1.3,0.325,0.7,1.0,0.677,0.4,2.1,2.5,3.9,0.7,0.3,1.2,1.3,7.6
1630188,00,0,78,9,13.8,2.5,5.1,0.495,0.6,1.8,0.317,1.1,1.4,0.761,1.4,3.0,4.4,0.4,0.2,0.6,0.6,1.4,6.7
1630270,00,0,9,0,4.3,0.2,1.1,0.2,0.1,0.9,0.125,0.0,0.0,0.0,0.2,0.4,0.7,0.1,0.0,0.0,0.0,0.2,0.6
203503,00,0,601,310,21.8,2.2,5.2,0.431,1.2,3.1,0.394,0.5,0.5,0.846,0.3,2.0,2.3,1.1,0.4,0.2,0.5,1.4,6.1
1630531,00,0,2,0,2.8,0.5,0.5,1.0,0.0,0.0,0.0,0.0,0.0,0.0,0.5,0.5,1.0,0.0,0.0,1.0,0.5,0.0,1.0
203917,00,0,343,63,19.5,2.2,5.8,0.389,1.2,3.3,0.354,1.0,1.3,0.812,0.2,1.8,2.0,1.5,0.4,0.2,1.0,1.2,6.7
202362,00,0,554,200,22.9,3.4,7.7,0.445,0.7,2.1,0.314,1.1,1.5,0.694,0.6,3.4,4.1,2.9,0.6,0.1,1.6,2.0,8.6
1630205,00,0,103,13,14.7,2.1,4.4,0.479,0.2,0.9,0.244,0.9,1.2,0.714,0.7,1.8,2.5,0.7,0.5,0.3,0.6,1.5,5.3
1630191,00,0,139,85,23.5,3.4,6.5,0.529,0.3,0.8,0.33,1.0,1.4,0.708,2.8,4.9,7.7,1.0,0.4,1.2,1.1,2.8,8.1
1629622,00,0,109,16,19.3,3.1,6.9,0.446,2.1,5.4,0.391,0.5,0.7,0.756,0.3,2.0,2.2,1.1,0.4,0.2,0.6,1.5,8.8
1630591,00,0,48,45,27.2,4.1,11.4,0.361,0.9,4.1,0.214,2.6,3.4,0.773,0.5,3.0,3.6,4.4,1.2,0.4,3.0,3.0,11.8
1630256,00,0,148,135,27.7,4.6,9.1,0.501,0.8,2.7,0.31,1.6,2.2,0.701,1.8,3.6,5.4,2.7,1.1,0.5,1.6,3.4,11.6
1628369,00,0,365,365,33.4,7.5,16.4,0.456,2.3,5.9,0.383,3.7,4.4,0.844,0.9,5.8,6.6,3.0,1.1,0.7,2.1,2.1,20.9
1630678,00,0,33,7,21.6,4.1,6.7,0.614,0.4,1.2,0.316,1.1,1.5,0.706,2.9,2.3,5.2,1.2,0.4,0.2,0.7,1.8,9.6
202066,00,0,691,287,21.4,2.3,5.7,0.402,1.0,2.9,0.344,0.8,1.1,0.74,0.4,1.9,2.3,1.7,0.8,0.3,0.9,1.9,6.4
1630179,00,0,13,0,4.6,0.5,1.3,0.353,0.0,0.5,0.0,0.1,0.2,0.333,0.0,0.5,0.5,0.5,0.4,0.0,0.2,0.2,1.0
1628464,00,0,306,147,19.6,3.0,5.5,0.545,0.5,1.6,0.329,1.1,1.5,0.722,1.5,3.4,4.9,1.3,0.5,0.9,0.8,2.7,7.6
1630271,00,0,44,1,10.4,1.1,2.9,0.373,0.4,1.5,0.265,0.8,1.2,0.667,0.2,1.2,1.4,0.9,0.4,0.3,0.6,1.1,3.3
1630560,00,0,67,2,17.6,3.3,7.5,0.433,0.7,2.6,0.27,1.3,1.6,0.829,0.2,2.2,2.4,1.2,0.5,0.1,0.8,1.0,8.5
202738,00,0,550,362,28.3,5.8,13.3,0.434,1.9,5.2,0.362,4.3,4.9,0.872,0.5,1.9,2.4,4.8,0.9,0.1,2.3,2.1,17.7
1629744,00,0,126,1,9.7,1.4,3.3,0.433,0.9,2.1,0.404,0.3,0.4,0.804,0.2,1.1,1.2,0.5,0.2,0.0,0.3,0.6,4.0
202691,00,0,647,610,32.9,7.4,16.1,0.458,3.0,7.1,0.417,1.9,2.2,0.849,0.4,3.0,3.5,2.3,0.9,0.5,1.7,2.1,19.5
202684,00,0,730,478,26.8,3.6,7.0,0.519,0.0,0.1,0.263,1.7,2.9,0.605,3.3,5.1,8.4,1.0,0.5,0.7,1.1,2.3,9.0
1630550,00,0,33,0,7.9,0.7,1.7,0.436,0.2,0.8,0.259,0.4,0.6,0.6,0.3,1.0,1.3,0.6,0.2,0.3,0.3,0.8,2.0
1629680,00,0,196,72,21.8,1.9,4.1,0.45,0.7,2.3,0.324,0.3,0.5,0.657,0.6,1.4,1.9,1.1,1.6,1.0,0.6,2.2,4.8
1629681,00,0,54,4,11.9,1.1,3.4,0.337,0.7,2.2,0.311,0.3,0.4,0.737,0.5,1.1,1.6,0.6,0.5,0.4,0.3,1.4,3.2
1630214,00,0,112,14,15.9,2.4,4.6,0.515,0.3,1.0,0.281,0.7,1.1,0.645,1.3,2.5,3.7,1.2,0.8,0.4,0.7,1.6,5.7
1630225,00,0,12,0,6.2,0.6,2.2,0.269,0.3,1.3,0.25,0.2,0.5,0.333,0.3,0.8,1.0,0.3,0.3,0.2,0.3,0.3,1.7
1630167,00,0,134,10,14.3,2.6,5.1,0.521,0.6,1.9,0.307,0.8,1.1,0.753,0.7,2.3,3.0,0.8,0.3,0.4,0.6,1.2,6.7
1629308,00,0,139,28,17.1,1.9,3.6,0.523,0.5,1.5,0.361,0.5,0.8,0.613,0.5,2.9,3.3,2.2,0.7,0.3,1.0,1.8,4.8
1626157,00,0,482,482,34.2,8.6,16.2,0.527,1.6,4.1,0.397,4.4,5.3,0.833,3.0,8.3,11.3,3.1,0.8,1.4,2.7,3.4,23.2
1629018,00,0,204,116,27.9,4.8,11.6,0.416,2.4,6.2,0.389,1.5,1.8,0.82,0.4,1.8,2.2,1.4,1.1,0.2,0.7,1.6,13.5
200782,00,0,777,581,29.0,2.6,6.1,0.425,1.0,2.9,0.364,0.9,1.2,0.748,1.5,4.1,5.6,1.5,1.1,0.3,1.0,2.5,7.1
1629730,00,0,39,0,7.7,0.9,1.8,0.5,0.2,0.7,0.31,1.0,1.3,0.776,0.2,0.8,1.0,0.5,0.2,0.0,0.3,0.6,3.0
1626167,00,0,431,398,28.7,4.8,9.8,0.489,0.9,2.6,0.349,2.2,2.9,0.768,1.4,5.3,6.7,1.2,0.7,2.3,1.3,2.9,12.7
202685,00,0,695,666,26.1,5.3,9.5,0.563,0.2,0.6,0.359,2.5,3.2,0.785,2.8,6.6,9.5,1.2,0.4,1.0,1.6,2.9,13.4
1627832,00,0,348,199,28.3,4.6,11.5,0.404,2.3,6.0,0.382,2.1,2.4,0.86,0.4,2.8,3.2,4.9,1.3,0.4,1.6,2.0,13.7
1629020,00,0,166,97,18.9,2.2,3.8,0.591,0.0,0.1,0.143,0.9,1.5,0.616,2.1,4.1,6.2,1.1,1.0,0.6,0.8,1.9,5.4
1630170,00,0,133,39,22.5,3.4,8.0,0.421,1.4,4.0,0.357,0.9,1.1,0.84,0.5,3.1,3.6,1.4,0.9,0.4,0.6,1.7,9.1
1629216,00,0,127,34,18.3,2.4,6.2,0.396,1.3,3.9,0.343,0.5,0.6,0.831,0.3,1.2,1.5,2.2,0.7,0.1,1.0,1.9,6.7
202696,00,0,741,680,30.9,7.3,14.8,0.494,0.8,2.2,0.348,1.6,2.1,0.757,2.5,7.9,10.4,2.7,0.9,0.9,1.7,2.5,16.9
1629731,00,0,126,47,18.0,1.9,4.3,0.447,1.0,2.8,0.365,0.4,0.6,0.714,0.6,2.5,3.0,1.0,0.5,0.3,0.4,1.4,5.3
1630532,00,0,79,79,30.7,5.8,12.3,0.468,1.2,3.4,0.354,2.4,2.8,0.863,1.1,3.4,4.5,2.9,0.9,0.4,1.5,2.1,15.2
1629021,00,0,196,37,15.1,2.6,5.4,0.487,0.7,2.3,0.321,1.5,1.9,0.813,0.7,2.8,3.5,1.1,0.4,0.3,1.0,2.2,7.5
1630688,00,0,45,0,8.0,0.9,2.3,0.394,0.4,1.3,0.322,0.2,0.3,0.583,0.6,0.6,1.2,0.3,0.4,0.1,0.3,1.1,2.4
202689,00,0,741,696,33.3,6.7,16.1,0.418,2.2,6.2,0.36,3.8,4.5,0.84,0.6,3.2,3.8,5.3,1.2,0.4,2.1,1.5,19.5
1629022,00,0,208,56,20.4,3.5,8.5,0.414,1.2,3.6,0.343,1.1,1.4,0.779,0.3,2.1,2.4,1.6,0.5,0.2,0.9,1.4,9.4
202322,00,0,613,601,35.6,6.9,16.0,0.431,1.0,3.1,0.323,4.3,5.5,0.779,0.6,3.7,4.3,9.1,1.7,0.7,3.8,2.2,19.1
203933,00,0,332,236,28.8,6.4,12.6,0.507,0.7,2.1,0.357,1.9,2.5,0.78,1.4,2.8,4.1,1.2,1.0,0.5,1.0,2.4,15.5
1629023,00,0,187,146,29.3,4.4,9.7,0.454,1.6,4.4,0.375,1.4,1.9,0.702,1.2,4.5,5.7,2.3,0.9,1.0,1.6,2.6,11.8
1630613,00,0,48,7,20.2,3.6,8.9,0.405,1.7,4.5,0.377,1.0,1.3,0.754,0.1,1.6,1.7,1.8,0.5,0.1,1.2,1.4,9.9
1629139,00,0,121,8,12.0,1.4,3.3,0.409,0.6,1.6,0.352,0.5,0.7,0.667,0.5,2.0,2.5,0.6,0.4,0.3,0.4,1.0,3.8
1630322,00,0,25,1,18.6,2.8,7.0,0.406,2.1,5.8,0.363,0.2,0.2,0.8,0.2,2.7,2.9,1.0,0.8,0.3,0.4,1.2,8.0
1630570,00,0,48,10,18.1,3.0,5.6,0.532,0.2,0.8,0.237,1.5,2.0,0.755,1.2,3.0,4.1,1.7,0.5,0.6,0.9,2.4,7.6
1629683,00,0,42,0,6.5,0.8,1.7,0.452,0.1,0.4,0.188,0.5,0.5,0.826,0.1,0.6,0.8,0.6,0.3,0.1,0.4,1.0,2.1
201566,00,0,1021,1004,34.7,8.2,18.6,0.438,1.1,3.7,0.305,5.4,6.9,0.783,1.7,5.7,7.4,8.4,1.7,0.3,4.1,2.6,22.8
1629632,00,0,195,72,28.2,5.0,12.0,0.413,2.2,6.1,0.365,1.6,1.9,0.851,0.4,3.2,3.6,3.5,0.6,0.2,1.7,2.2,13.7
1628401,00,0,263,159,25.9,4.0,9.1,0.442,1.3,3.7,0.34,2.2,2.7,0.838,0.5,2.8,3.3,3.8,0.8,0.8,1.4,2.2,11.5
202355,00,0,511,332,24.7,5.3,9.0,0.586,0.0,0.1,0.308,2.1,3.5,0.605,3.1,7.7,10.8,0.6,0.5,2.2,1.5,2.6,12.6
1630580,00,0,29,0,7.1,0.7,1.9,0.357,0.5,1.5,0.326,0.2,0.4,0.538,0.1,0.3,0.5,0.3,0.1,0.1,0.1,0.5,2.1
1630598,00,0,50,35,24.2,3.1,6.7,0.463,0.8,2.8,0.304,1.2,1.7,0.729,1.0,2.5,3.6,1.4,0.6,0.2,1.1,1.9,8.3
203952,00,0,598,598,35.0,7.2,16.0,0.448,1.4,4.0,0.35,3.5,4.9,0.723,1.2,3.2,4.4,2.3,1.0,0.7,2.0,2.2,19.3
1629623,00,0,19,0,10.5,1.4,3.2,0.426,0.5,1.4,0.346,1.0,1.8,0.543,0.2,1.2,1.3,1.2,0.3,0.1,0.6,0.9,4.2
1630314,00,0,24,16,26.7,4.4,11.8,0.372,1.3,4.4,0.292,2.8,4.0,0.701,0.8,2.3,3.1,3.9,1.0,0.4,2.4,2.2,12.9
1629684,00,0,209,35,19.4,1.9,4.3,0.449,0.9,2.3,0.369,0.7,1.0,0.775,0.8,2.2,3.0,1.0,0.5,0.6,0.8,2.4,5.4
1629026,00,0,200,60,22.0,2.6,5.8,0.453,0.9,2.5,0.346,0.4,0.8,0.54,1.3,3.2,4.5,2.0,0.9,0.3,0.9,2.0,6.5
101150,00,0,1123,122,24.1,4.5,10.7,0.419,1.3,3.7,0.351,3.6,4.3,0.842,0.4,1.8,2.2,3.4,0.8,0.2,1.7,1.3,13.9
1630172,00,0,88,80,27.3,3.5,7.2,0.49,0.8,1.9,0.413,1.4,1.9,0.729,0.9,3.6,4.5,1.3,0.8,0.6,1.3,1.8,9.2
1630533,00,0,62,31,21.7,3.1,6.8,0.45,1.2,3.9,0.314,0.7,0.9,0.782,0.4,1.7,2.1,1.0,0.6,0.2,0.7,1.8,8.1
1629057,00,0,174,77,19.9,3.2,4.4,0.728,0.0,0.0,0.0,0.8,1.2,0.665,2.5,4.1,6.6,1.4,0.7,1.7,0.8,1.9,7.2
1629627,00,0,85,85,31.7,9.9,16.4,0.604,0.2,0.6,0.333,5.7,8.3,0.683,2.7,4.2,7.0,3.2,0.9,0.6,2.7,2.1,25.7
1629685,00,0,81,0,12.0,1.2,2.8,0.412,0.6,1.8,0.32,0.4,0.6,0.8,0.5,1.9,2.4,0.8,0.4,0.2,0.6,1.0,3.3
1626159,00,0,315,117,25.8,3.3,8.0,0.413,0.7,2.2,0.315,1.1,1.7,0.634,1.0,4.1,5.1,2.5,0.9,0.4,1.5,2.2,8.4
1630216,00,0,29,0,4.7,0.6,1.5,0.409,0.3,0.8,0.435,0.3,0.3,0.9,0.0,0.3,0.3,0.7,0.1,0.0,0.3,0.6,1.9
1630164,00,0,39,27,21.4,4.9,9.4,0.519,0.3,1.0,0.316,1.4,2.2,0.628,1.4,4.4,5.8,0.7,0.3,0.9,1.5,3.1,11.5
1626174,00,0,222,122,23.6,5.2,10.0,0.519,1.2,3.3,0.38,2.6,3.9,0.668,1.5,5.8,7.3,1.3,0.6,0.9,1.4,1.8,14.2
1630218,00,0,25,0,3.5,0.4,1.4,0.278,0.1,0.4,0.2,0.2,0.4,0.5,0.4,0.7,1.1,0.2,0.0,0.2,0.1,0.3,1.1
1626153,00,0,411,70,20.9,2.6,5.8,0.453,0.7,1.9,0.354,1.3,1.6,0.799,0.8,2.4,3.2,3.0,1.2,0.4,1.0,1.1,7.2
1630589,00,0,4,0,3.7,0.3,1.0,0.25,0.0,0.3,0.0,0.8,0.8,1.0,0.3,0.5,0.8,0.5,0.0,0.3,0.0,0.0,1.3
1630593,00,0,5,0,3.8,0.4,0.6,0.667,0.2,0.4,0.5,0.0,0.0,0.0,0.0,0.0,0.0,0.6,0.0,0.0,0.2,0.2,1.0
1628221,00,0,2,0,10.7,1.0,3.5,0.286,0.5,3.0,0.167,1.5,2.5,0.6,0.0,1.0,1.0,2.0,1.0,0.5,0.5,2.0,4.0
201152,00,0,1085,711,29.3,5.5,11.0,0.502,0.5,1.4,0.332,1.3,1.9,0.663,2.0,3.8,5.8,1.8,1.4,0.4,1.5,2.2,12.8
1629027,00,0,280,280,33.6,8.1,18.4,0.44,2.6,7.3,0.355,6.5,7.4,0.873,0.7,3.2,3.9,9.1,0.9,0.2,4.1,1.7,25.3
1630209,00,0,56,12,12.6,2.3,4.4,0.526,0.0,0.2,0.091,0.7,1.1,0.623,1.5,3.7,5.3,0.9,0.3,0.4,0.7,1.5,5.3
1627826,00,0,360,227,19.0,3.3,5.6,0.597,0.0,0.0,0.1,1.7,2.2,0.754,2.2,4.3,6.5,1.1,0.3,0.8,1.1,2.2,8.3
